index,mean_x,mean_y,sigma_x,sigma_y,sigma_xy,weight
0,80.48155212402344,128.96380615234375,4.300444602966309,5.549335479736328,-9.23936653137207,0.6956244707107544
1,172.42791748046875,198.9739227294922,4.974842548370361,5.1633524894714355,-5.9742302894592285,0.4102626442909241
2,73.28553009033203,210.78662109375,3.630033493041992,4.850698471069336,1.5164798498153687,1.6643654108047485
3,41.61698532104492,225.96153259277344,6.937227725982666,7.130692481994629,-0.23706398904323578,-0.07002905011177063
4,76.44474029541016,237.61915588378906,3.2384159564971924,5.643479347229004,2.0136194229125977,0.25217464566230774
5,164.0815887451172,113.67247772216797,1.9984264373779297,4.839899063110352,7.04646110534668,-0.9900997877120972
6,72.62541198730469,141.144775390625,9.859124183654785,1.5074880123138428,-0.5655197501182556,0.4303498864173889
7,140.99807739257812,112.84330749511719,3.371077537536621,11.771768569946289,-2.2686142921447754,0.4386686086654663
8,42.26728057861328,166.58407592773438,4.773074150085449,6.113124370574951,-4.491774082183838,-0.9034614562988281
9,26.0196533203125,113.7232666015625,1.93436598777771,2.9668571949005127,-3.5501270294189453,2.1760077476501465
10,184.19076538085938,173.18646240234375,6.243969440460205,4.733890533447266,-0.11994408816099167,-1.2908891439437866
11,46.030147552490234,173.70452880859375,2.0663483142852783,5.913785457611084,7.190575122833252,0.018806280568242073
12,140.72119140625,237.4139862060547,4.710516929626465,6.805860996246338,-7.8348822593688965,1.617241621017456
13,130.65216064453125,236.46083068847656,4.13301944732666,4.34053897857666,-2.2954046726226807,0.6949061751365662
14,69.3524398803711,46.82967758178711,2.5706725120544434,3.984902858734131,-7.395226955413818,0.0996527224779129
15,143.0089569091797,154.6951446533203,1.5870217084884644,8.674703598022461,3.5668914318084717,1.8631370067596436
16,39.792213439941406,177.03627014160156,6.589301586151123,4.3268303871154785,-1.5202196836471558,-0.7682982683181763
17,63.487064361572266,11.519013404846191,2.4657981395721436,6.729020595550537,-5.399843692779541,0.7777634859085083
18,131.24220275878906,138.69834899902344,2.622889518737793,5.209319591522217,-6.07446813583374,-0.9954364895820618
19,4.151951789855957,210.5747528076172,4.486903667449951,4.3144330978393555,-7.124876022338867,1.260311245918274
20,90.83490753173828,125.60652923583984,5.489705562591553,1.240038275718689,-6.5794291496276855,0.06661006063222885
21,101.68334197998047,217.08609008789062,9.522086143493652,2.3149359226226807,10.406142234802246,0.27385246753692627
22,120.2890396118164,169.25010681152344,2.342078447341919,4.37192964553833,2.960662603378296,1.0154131650924683
23,74.62361907958984,124.46857452392578,3.3761820793151855,8.888579368591309,-2.499778985977173,1.0592613220214844
24,143.01864624023438,152.6702423095703,1.8001304864883423,7.16532039642334,5.07131290435791,-3.9125864505767822
25,104.79938507080078,103.31167602539062,1.5394880771636963,2.7718794345855713,-2.2779009342193604,-0.19791440665721893
26,78.19208526611328,169.39442443847656,13.368141174316406,2.897124767303467,14.47601318359375,5.028769493103027
27,85.75504302978516,107.28804779052734,6.201849460601807,2.6424827575683594,-1.7679494619369507,-0.6823611855506897
28,128.59959411621094,167.57696533203125,3.2141733169555664,9.92744255065918,19.757410049438477,1.6910051107406616
29,104.6595687866211,45.866661071777344,3.229127883911133,2.8866424560546875,6.301181316375732,-1.1631780862808228
30,115.23253631591797,153.69363403320312,4.997140884399414,3.3549001216888428,-6.4438700675964355,0.9538375735282898
31,131.11976623535156,221.13734436035156,4.471420764923096,5.38394021987915,0.7897194623947144,-2.1234114170074463
32,171.49664306640625,132.00392150878906,1.6572561264038086,2.755718469619751,-2.8334290981292725,-1.7520655393600464
33,5.300835609436035,223.80194091796875,2.296988010406494,6.914560317993164,-7.4011993408203125,-4.287960052490234
34,132.93910217285156,76.50837707519531,3.9067540168762207,3.833681106567383,12.040393829345703,-3.2979609966278076
35,177.3623809814453,187.5670166015625,4.826879978179932,2.2987217903137207,9.058965682983398,-1.2673076391220093
36,57.59230041503906,80.97504425048828,1.5011686086654663,2.0911214351654053,-2.7873902320861816,-0.04718688502907753
37,120.02409362792969,21.71285057067871,5.997114181518555,8.275755882263184,-0.09500537067651749,2.4780144691467285
38,152.23765563964844,164.06375122070312,4.728868007659912,10.170364379882812,17.333864212036133,1.7574955224990845
39,67.60960388183594,140.8520965576172,2.906317949295044,6.152796268463135,-1.3525424003601074,-1.3217573165893555
40,164.81092834472656,62.887901306152344,0.626750111579895,6.914524555206299,0.6510812640190125,-2.221277952194214
41,122.65101623535156,192.81610107421875,2.655073642730713,4.509666442871094,-5.532526969909668,-1.2609872817993164
42,104.33952331542969,221.5401153564453,5.203552722930908,1.0313518047332764,-3.669703245162964,-0.4646098017692566
43,134.8090362548828,94.15872955322266,2.9751713275909424,5.547351837158203,15.945544242858887,-0.3792036175727844
44,5.239676475524902,137.2292938232422,1.494947910308838,1.105137825012207,1.3073076009750366,-4.235006809234619
45,132.76919555664062,169.59005737304688,4.968278884887695,2.076331615447998,6.092525005340576,0.09554649144411087
46,165.5227508544922,141.87063598632812,5.017929553985596,0.8699284791946411,3.455578327178955,-0.19413140416145325
47,25.878585815429688,189.01129150390625,5.108850002288818,3.2818806171417236,-16.2667236328125,0.20066101849079132
48,33.51023864746094,99.86497497558594,2.7845964431762695,3.6577394008636475,-2.0196845531463623,2.9083974361419678
49,75.04304504394531,97.16603088378906,2.905787944793701,6.96832799911499,18.405311584472656,0.21043024957180023
50,84.49754333496094,85.7812728881836,5.225481986999512,6.7590813636779785,-0.8730948567390442,-0.7107698321342468
51,17.609142303466797,132.18295288085938,6.052721977233887,4.2887773513793945,-8.47384262084961,4.64154577255249
52,15.298622131347656,155.48727416992188,10.261351585388184,3.600788116455078,8.08955192565918,-2.389417886734009
53,20.584028244018555,162.9141845703125,7.013688564300537,3.433814525604248,-4.542506217956543,2.459603786468506
54,127.03667449951172,210.87078857421875,3.1332967281341553,2.919422149658203,1.7436118125915527,-0.7691168189048767
55,79.02130126953125,235.695556640625,4.936916351318359,3.2888712882995605,-1.1742550134658813,0.3760753870010376
56,99.38822174072266,212.87973022460938,10.321495056152344,4.494441032409668,5.297926425933838,1.993526816368103
57,82.61797332763672,26.148597717285156,1.262992024421692,5.456625461578369,-2.7865242958068848,-3.307919502258301
58,68.97369384765625,99.86646270751953,3.6493918895721436,5.692108154296875,8.221027374267578,0.9735357761383057
59,25.47511863708496,146.0917205810547,4.160816192626953,4.971035957336426,-11.687826156616211,3.2131052017211914
60,161.5589141845703,124.65031433105469,4.711840629577637,4.377471446990967,9.075112342834473,-4.237616539001465
61,131.12457275390625,217.9031219482422,2.7457516193389893,4.983375549316406,7.626368522644043,2.7659010887145996
62,168.3941192626953,62.15826416015625,2.8885269165039062,8.220965385437012,2.8627710342407227,-3.4364712238311768
63,163.9547576904297,152.1636199951172,9.218607902526855,6.793725967407227,7.072133541107178,2.9369335174560547
64,51.28599166870117,180.146728515625,4.872248649597168,2.4286270141601562,-7.132083892822266,-0.6514284610748291
65,107.6815414428711,235.11485290527344,4.870610237121582,4.957694053649902,3.50889253616333,-0.23142066597938538
66,75.30211639404297,29.42783546447754,5.8436055183410645,4.896083831787109,5.719256401062012,1.1977993249893188
67,100.1029281616211,60.360694885253906,4.771013259887695,2.42344069480896,7.144836902618408,0.22571024298667908
68,128.08425903320312,154.7017822265625,6.392541408538818,9.337650299072266,-8.621376037597656,-3.0697951316833496
69,118.9863510131836,115.42742156982422,3.378227710723877,1.2549210786819458,0.39083051681518555,0.7001588940620422
70,136.7384490966797,217.8258819580078,3.6819674968719482,5.783716678619385,5.7087907791137695,1.3034075498580933
71,50.66805648803711,141.8059844970703,4.982739448547363,5.291596412658691,5.922696590423584,-0.8476267457008362
72,116.4852523803711,82.56019592285156,5.063693046569824,3.683647632598877,3.5276036262512207,-0.5203126668930054
73,176.8280792236328,231.69082641601562,5.0161848068237305,3.992999792098999,-2.6077749729156494,-1.0527818202972412
74,5.4356160163879395,98.6346664428711,7.4382710456848145,5.203680038452148,-1.7537825107574463,-2.207930326461792
75,81.91123962402344,41.9060173034668,2.3137407302856445,0.625354528427124,-0.6051585078239441,0.1352422833442688
76,89.60075378417969,213.81410217285156,2.824448347091675,2.2803831100463867,-6.251959800720215,0.1774950474500656
77,68.05557250976562,22.252853393554688,2.176919937133789,5.202948093414307,6.785674095153809,-1.6271100044250488
78,96.87610626220703,236.00094604492188,5.820217132568359,7.556662082672119,2.661592721939087,1.0581483840942383
79,32.937889099121094,100.02039337158203,2.3747079372406006,2.3000311851501465,0.39362937211990356,-1.530554175376892
80,55.085174560546875,153.7037353515625,5.2824387550354,8.145551681518555,-12.512395858764648,3.5569586753845215
81,129.68663024902344,231.35382080078125,7.40814733505249,5.771479606628418,-2.4090747833251953,-0.8081202507019043
82,122.27838897705078,232.26145935058594,0.7720255851745605,7.152738094329834,-3.8293724060058594,0.16091418266296387
83,160.2209014892578,111.33659362792969,2.52640438079834,4.025580883026123,10.01282024383545,-0.07744263112545013
84,125.46121978759766,218.970703125,2.618940830230713,3.4913601875305176,5.521180629730225,1.7030874490737915
85,161.2981414794922,104.32365417480469,1.4275449514389038,2.456753969192505,-1.8966461420059204,-2.534843683242798
86,40.858272552490234,106.51268005371094,3.0527231693267822,5.234646320343018,-4.327308177947998,7.254098415374756
87,156.00624084472656,60.27433395385742,4.623446941375732,1.951607584953308,-7.324054718017578,0.19114597141742706
88,39.289974212646484,219.0903778076172,5.118330001831055,7.705039978027344,1.0485823154449463,1.2570374011993408
89,133.0778045654297,135.5699462890625,7.051962852478027,7.070542335510254,-1.4371323585510254,0.5314979553222656
90,76.2547378540039,231.3130340576172,1.1250003576278687,5.580666542053223,-5.374582290649414,1.6863179206848145
91,110.33094024658203,103.86005401611328,4.598808288574219,2.78651762008667,8.179211616516113,0.3425626754760742
92,11.648259162902832,163.4089813232422,4.068361759185791,4.806666374206543,-9.20435905456543,2.6463682651519775
93,171.23236083984375,212.93885803222656,5.870454788208008,5.407540321350098,-3.842061758041382,0.49525904655456543
94,104.74119567871094,221.49400329589844,5.278911590576172,1.2421950101852417,-4.02280855178833,0.5692516565322876
95,3.9310872554779053,135.478515625,3.7739813327789307,5.160463809967041,-10.84450912475586,-1.1661508083343506
96,71.91403198242188,230.02737426757812,4.4827446937561035,7.1383771896362305,2.1880993843078613,0.6157184839248657
97,13.811923027038574,220.59564208984375,3.2014713287353516,4.112531661987305,12.030004501342773,-0.5500867962837219
98,87.56136322021484,57.4030876159668,2.836792230606079,6.358313083648682,3.9292263984680176,1.7130777835845947
99,85.16517639160156,50.34971618652344,1.994107961654663,5.71107816696167,3.487290859222412,0.5928812026977539
100,142.26565551757812,181.87171936035156,1.5911810398101807,9.356063842773438,12.678525924682617,0.2581556439399719
101,62.09212875366211,153.238525390625,6.913694858551025,3.3725533485412598,-3.2743613719940186,-0.8158068060874939
102,104.97967529296875,104.70800018310547,3.520604133605957,2.6634180545806885,-3.081981897354126,0.39203470945358276
103,10.213932037353516,155.14990234375,2.364748001098633,4.691524505615234,-4.536526679992676,0.9290715456008911
104,130.63067626953125,248.50070190429688,3.325092077255249,0.8758181929588318,0.5213989615440369,-8.442522048950195
105,72.16831970214844,204.70758056640625,9.784122467041016,4.800312519073486,1.8780755996704102,2.2021453380584717
106,74.09593963623047,33.02957534790039,2.1857547760009766,2.2595553398132324,4.6241655349731445,0.7013431787490845
107,52.49701690673828,99.4813003540039,2.7772321701049805,6.951420783996582,-7.3985915184021,4.961937427520752
108,1.7038975954055786,176.38290405273438,3.6888420581817627,9.06752872467041,0.8297662138938904,-4.801078796386719
109,18.36964225769043,134.13400268554688,3.9788014888763428,2.2598400115966797,-4.387790203094482,-3.5974130630493164
110,150.9217987060547,112.61270141601562,10.393646240234375,3.4960672855377197,8.753307342529297,1.145290732383728
111,27.08643341064453,91.35276794433594,7.906674861907959,6.275074481964111,2.301849842071533,1.5346591472625732
112,96.86511993408203,42.675350189208984,2.8846795558929443,7.136807918548584,8.920829772949219,1.142806887626648
113,158.6476287841797,128.22071838378906,3.2505900859832764,3.6110544204711914,0.3763384521007538,5.845105171203613
114,111.9219970703125,76.46473693847656,4.94784688949585,4.425445556640625,-4.63745641708374,1.081892490386963
115,140.197998046875,70.93531036376953,4.707801818847656,1.1853278875350952,-3.8451709747314453,0.3274814188480377
116,97.30496215820312,29.97460174560547,4.650832653045654,4.150231838226318,-1.0972943305969238,2.5544416904449463
117,179.99813842773438,150.93736267089844,6.270819187164307,5.5959272384643555,-10.219030380249023,1.5095643997192383
118,177.08299255371094,139.8538055419922,5.904591083526611,2.2883429527282715,0.14423075318336487,-6.654356002807617
119,152.7953338623047,74.46820068359375,2.19012713432312,2.952204942703247,2.1970982551574707,2.221879720687866
120,121.10096740722656,123.93817138671875,6.372196674346924,6.062557697296143,-0.011545524932444096,0.3493190109729767
121,90.37403869628906,94.47850036621094,7.036807537078857,2.0950052738189697,-10.509686470031738,0.18459555506706238
122,136.03237915039062,119.60052490234375,7.583345413208008,7.114932060241699,-4.184931755065918,0.6296453475952148
123,137.68040466308594,190.0324249267578,2.4111616611480713,10.894031524658203,6.472790718078613,1.4723576307296753
124,79.06558990478516,42.154441833496094,2.718151807785034,3.554898262023926,-9.309162139892578,0.021405240520834923
125,84.01688385009766,105.63834381103516,4.644477367401123,4.262272834777832,2.5869603157043457,0.6254881024360657
126,67.45960235595703,146.99781799316406,0.9103972315788269,7.434082508087158,2.6137287616729736,-0.620836079120636
127,143.04354858398438,48.15691375732422,3.6647472381591797,3.5288267135620117,-11.148858070373535,-4.4847941398620605
128,134.2213592529297,239.0185089111328,7.484160900115967,3.288924217224121,-1.556504726409912,0.20049157738685608
129,10.363860130310059,181.07359313964844,2.8832547664642334,2.762022018432617,6.699360370635986,0.18236349523067474
130,34.2532844543457,204.07022094726562,9.83932876586914,1.286541223526001,6.351524829864502,-3.8469481468200684
131,62.31498718261719,116.14471435546875,5.646451473236084,5.4699273109436035,-0.10293146222829819,0.4039740562438965
132,157.52886962890625,79.77625274658203,3.3087852001190186,3.404283285140991,-9.481718063354492,-1.4602134227752686
133,55.9481086730957,210.14154052734375,4.482011318206787,2.2832252979278564,9.97771167755127,0.04338069632649422
134,91.09657287597656,44.68367385864258,4.319980621337891,6.449828624725342,6.75282621383667,1.6323421001434326
135,58.290809631347656,161.95236206054688,2.9084174633026123,8.723650932312012,-14.416996955871582,1.4109704494476318
136,70.55875396728516,106.89128112792969,5.7071309089660645,3.6227686405181885,-2.6448986530303955,0.6390764713287354
137,74.00531005859375,174.48016357421875,12.127288818359375,1.8556574583053589,18.92137908935547,0.20648300647735596
138,1.368095874786377,139.93350219726562,3.436671733856201,2.326397180557251,5.985442161560059,0.48035722970962524
139,101.41255187988281,31.002164840698242,2.0271902084350586,15.057937622070312,-0.18060491979122162,1.6781847476959229
140,111.85674285888672,189.79150390625,3.2387704849243164,2.4650168418884277,-3.470423698425293,0.31749653816223145
141,139.11813354492188,88.1805191040039,7.371067047119141,2.7264816761016846,14.295083999633789,0.4687703251838684
142,95.95899200439453,165.95700073242188,6.788486957550049,1.551576852798462,7.089824676513672,0.21960340440273285
143,37.008148193359375,159.18983459472656,6.409145832061768,5.22411584854126,-0.4913962185382843,1.5462008714675903
144,176.9741973876953,170.9891815185547,0.6111746430397034,6.1605658531188965,2.6977622509002686,-4.94063138961792
145,70.23985290527344,175.56588745117188,13.768157005310059,2.683741331100464,26.356348037719727,0.3710767328739166
146,52.98209762573242,110.88616943359375,4.341352462768555,3.2428526878356934,-11.428348541259766,0.5729262828826904
147,150.41761779785156,108.60514068603516,1.58061945438385,1.5088170766830444,-1.0673010349273682,0.33892184495925903
148,124.5362548828125,222.2947235107422,3.7482728958129883,3.8912312984466553,11.01826000213623,1.538980484008789
149,31.453594207763672,239.88116455078125,0.28003260493278503,4.099992752075195,0.2961207330226898,-0.2315770983695984
150,177.26205444335938,142.011474609375,4.18095064163208,1.3096649646759033,-1.3793607950210571,1.3811551332473755
151,71.06487274169922,219.38597106933594,3.064289093017578,4.204858303070068,12.405308723449707,0.05874140188097954
152,61.872344970703125,145.6827850341797,3.0842530727386475,1.5497654676437378,-0.7661972045898438,-1.1347638368606567
153,116.33190155029297,160.1829833984375,6.068585395812988,3.6637167930603027,-9.75321102142334,1.3639326095581055
154,174.88890075683594,189.4187774658203,7.958464622497559,5.434455871582031,-3.3449831008911133,-0.5489668250083923
155,96.68164825439453,61.64482879638672,2.504493474960327,4.561014175415039,2.8530895709991455,0.42554789781570435
156,154.10360717773438,90.93866729736328,7.984917163848877,7.568511009216309,5.76477575302124,2.6289732456207275
157,73.29655456542969,212.3394317626953,3.286810874938965,6.005675315856934,4.72230863571167,-1.3297781944274902
158,111.31060791015625,224.41197204589844,6.167292594909668,1.026808261871338,-2.1504690647125244,0.10871259868144989
159,77.21367645263672,85.6546401977539,2.663571357727051,4.8145880699157715,6.2506608963012695,0.8567726612091064
160,69.84041595458984,122.8375244140625,2.087902784347534,4.699666976928711,-5.4716010093688965,0.3100847601890564
161,52.845333099365234,192.087646484375,2.515490770339966,4.101555347442627,-9.819686889648438,1.0480365753173828
162,25.197509765625,95.30132293701172,9.47773265838623,4.905519485473633,2.339829683303833,1.5566471815109253
163,89.79643249511719,213.59274291992188,2.7307615280151367,2.1783483028411865,-5.74159574508667,-0.19094249606132507
164,34.41851043701172,179.72686767578125,10.992929458618164,2.02107834815979,0.42348533868789673,0.5015992522239685
165,29.556243896484375,238.62149047851562,4.563338756561279,11.763528823852539,3.0588672161102295,2.1545512676239014
166,104.57289123535156,129.52474975585938,3.030287504196167,1.8337726593017578,5.115507125854492,0.08841683715581894
167,142.31768798828125,200.05780029296875,2.352191686630249,4.2043023109436035,5.316292762756348,0.2608253061771393
168,39.317962646484375,204.1641387939453,4.013012409210205,8.043606758117676,-2.197404146194458,0.5537528991699219
169,101.85769653320312,102.38687133789062,6.004650592803955,2.7833690643310547,-13.967998504638672,0.44628027081489563
170,70.9365005493164,197.12673950195312,2.259037494659424,6.155450344085693,-13.527302742004395,0.37354394793510437
171,79.37252044677734,230.50621032714844,5.5121307373046875,3.2728493213653564,-3.2219347953796387,0.799147367477417
172,41.6030387878418,162.06089782714844,2.311509370803833,3.221806764602661,-6.8833770751953125,0.17659159004688263
173,164.54159545898438,211.3895721435547,1.8535833358764648,4.657250881195068,7.874901294708252,-0.7037311792373657
174,157.9102783203125,129.55076599121094,1.8728364706039429,3.2300689220428467,-0.35991615056991577,-1.9494540691375732
175,170.83888244628906,193.51052856445312,4.0557732582092285,7.974974632263184,-4.346399784088135,0.9089078903198242
176,118.85567474365234,50.68165969848633,1.2984106540679932,2.467811346054077,-0.09450647234916687,0.16509264707565308
177,117.424072265625,82.99761962890625,3.803739070892334,4.576051235198975,-1.3777865171432495,0.7765693068504333
178,86.02877807617188,141.06690979003906,1.9364452362060547,4.94472599029541,2.487194538116455,0.17786210775375366
179,162.55201721191406,114.6515121459961,5.292550086975098,2.0383872985839844,9.741228103637695,-0.6805853843688965
180,103.77835083007812,41.43243408203125,6.658380508422852,3.854402542114258,-1.9178193807601929,-2.2961337566375732
181,130.5417938232422,247.02822875976562,6.034375190734863,4.841743469238281,3.09077525138855,1.698494791984558
182,92.70185852050781,21.666091918945312,2.4790215492248535,6.298259258270264,10.92601490020752,1.190710186958313
183,126.67446899414062,99.243408203125,2.432236909866333,7.593299388885498,17.746112823486328,0.03535337746143341
184,114.24504089355469,121.83232879638672,2.31671142578125,16.040983200073242,-1.5545377731323242,-0.526000440120697
185,178.5524444580078,220.48829650878906,9.52133846282959,4.848702430725098,-3.7915151119232178,1.3316566944122314
186,128.33267211914062,218.64871215820312,2.91953182220459,6.5622878074646,16.433738708496094,1.5345487594604492
187,15.44293212890625,156.53419494628906,0.24510203301906586,3.9979255199432373,-0.2917953431606293,-0.20880304276943207
188,101.58927154541016,12.226646423339844,1.2303431034088135,6.301052570343018,-0.8440878391265869,-1.8626275062561035
189,134.66970825195312,206.10006713867188,2.259901523590088,3.3111884593963623,4.6363372802734375,1.1182674169540405
190,63.8989372253418,26.165830612182617,6.087773323059082,9.45760726928711,-2.272263288497925,2.1121721267700195
191,150.4385528564453,177.58041381835938,2.8458590507507324,1.8580199480056763,2.9860620498657227,-1.852535605430603
192,65.95731353759766,91.7472152709961,2.5688552856445312,11.678817749023438,29.314640045166016,-0.1566661149263382
193,109.07234191894531,66.45556640625,2.3221702575683594,4.383950710296631,7.619583606719971,0.17947892844676971
194,63.91035461425781,220.38795471191406,6.702966213226318,2.9945762157440186,6.930130481719971,0.5836667418479919
195,132.97813415527344,76.72657775878906,3.273031234741211,3.0855038166046143,8.157866477966309,1.679439902305603
196,84.9725112915039,84.3135757446289,2.596910238265991,3.6148767471313477,-3.7340776920318604,0.6655972599983215
197,89.5472183227539,146.78221130371094,4.73513126373291,4.373938083648682,10.328187942504883,0.7630711793899536
198,113.57293701171875,101.14557647705078,1.9489831924438477,3.306002378463745,1.4095287322998047,0.3380463719367981
199,57.76168441772461,225.34088134765625,5.147848129272461,3.370915174484253,3.066331624984741,0.1891869157552719
200,67.77648162841797,177.38265991210938,7.606705188751221,7.610945224761963,2.2647504806518555,2.8016984462738037
201,2.872586488723755,126.6849594116211,7.458534240722656,1.7047131061553955,-1.486086130142212,-3.362589120864868
202,27.93531608581543,122.18629455566406,2.640188694000244,2.4802944660186768,-2.806098222732544,2.2405765056610107
203,176.72463989257812,86.37553405761719,8.696062088012695,3.17075777053833,1.2259697914123535,-5.629748821258545
204,142.56082153320312,198.00201416015625,2.848081588745117,2.863450765609741,8.109896659851074,0.04213250055909157
205,35.15359115600586,146.08387756347656,8.90882682800293,7.097379684448242,-7.7789225578308105,2.584559679031372
206,128.189453125,181.32164001464844,7.136464595794678,7.272613525390625,0.1277153342962265,0.4269668459892273
207,124.520751953125,167.61827087402344,1.0052671432495117,7.694676876068115,4.173758029937744,0.2709844708442688
208,120.25008392333984,192.09072875976562,2.1707496643066406,6.425158500671387,-13.57004165649414,0.06917805969715118
209,60.42965316772461,183.555908203125,3.6467959880828857,3.849165201187134,-13.006832122802734,0.04369836673140526
210,99.09033966064453,67.47277069091797,5.482966423034668,5.064536094665527,-0.42609739303588867,0.767196774482727
211,57.5120735168457,124.9248275756836,1.9135117530822754,5.835634231567383,-8.187520027160645,0.3740631937980652
212,44.579254150390625,69.8760757446289,0.7782337665557861,5.379584789276123,0.6025604009628296,-2.3388798236846924
213,108.8060302734375,4.171379089355469,2.5973117351531982,2.6526715755462646,4.399106025695801,0.9050416350364685
214,78.3984375,151.6785125732422,4.6884918212890625,4.802862167358398,9.020759582519531,0.9143664836883545
215,52.43070983886719,37.71284103393555,3.064234733581543,1.6596662998199463,4.582579135894775,-1.1539995670318604
216,76.79448699951172,173.4071807861328,6.5971293449401855,1.0461218357086182,5.482189178466797,0.10221930593252182
217,63.42794418334961,7.083438396453857,6.231947898864746,1.936294436454773,-5.74072790145874,-1.4831337928771973
218,114.39586639404297,169.1195831298828,4.753564834594727,3.2553696632385254,-0.11615785956382751,1.887572169303894
219,132.54306030273438,203.8782501220703,3.076368570327759,3.060460090637207,9.191922187805176,-0.08243687450885773
220,82.11344909667969,15.652284622192383,1.4435490369796753,3.4908254146575928,-4.352486610412598,-0.5857800841331482
221,26.706748962402344,219.7942352294922,4.28828763961792,2.8715412616729736,-9.120946884155273,0.0800127312541008
222,20.197391510009766,103.55132293701172,8.327404022216797,1.2718584537506104,2.4826242923736572,-3.384132146835327
223,132.51052856445312,136.6441650390625,2.3167672157287598,10.474427223205566,5.6620097160339355,1.420320749282837
224,85.63761901855469,47.62603759765625,4.4775190353393555,4.337069988250732,-2.1996958255767822,-0.5549715161323547
225,71.56218719482422,111.56472778320312,7.026123523712158,3.663677215576172,-1.815820574760437,-0.4985155165195465
226,179.19271850585938,168.56260681152344,9.825857162475586,2.7214932441711426,1.3618730306625366,-4.28797721862793
227,122.47943115234375,114.2108383178711,4.804681777954102,1.6219767332077026,6.5375776290893555,0.20755761861801147
228,109.2498779296875,213.93588256835938,3.9284844398498535,5.790095329284668,-4.8258442878723145,0.444808691740036
229,170.23727416992188,54.18697738647461,8.015297889709473,2.8902130126953125,7.522543907165527,-7.0556721687316895
230,151.36978149414062,178.0425262451172,3.9331815242767334,2.1573731899261475,5.799964904785156,2.126098394393921
231,151.47390747070312,125.40451049804688,3.165677070617676,4.979254245758057,11.967333793640137,-2.2821483612060547
232,165.7539520263672,190.04547119140625,4.39635705947876,6.760818004608154,-0.5307498574256897,0.8219833970069885
233,147.48365783691406,220.1590118408203,9.408379554748535,5.9051971435546875,-4.225409507751465,2.753706455230713
234,181.97091674804688,224.19497680664062,3.1651124954223633,2.495206117630005,-2.5104427337646484,-4.052789211273193
235,118.89720916748047,115.35391235351562,4.7591753005981445,1.451501488685608,-2.1632936000823975,-0.9960576295852661
236,112.62439727783203,230.12161254882812,4.710026741027832,4.465296745300293,0.9153905510902405,0.6012194752693176
237,45.19279861450195,109.88863372802734,15.098791122436523,1.6810442209243774,-11.605731010437012,0.9724228978157043
238,26.448572158813477,235.97743225097656,1.977708339691162,3.2043561935424805,4.753194808959961,-3.7686092853546143
239,138.53570556640625,25.205135345458984,2.0146872997283936,6.5379791259765625,4.058248996734619,-5.477814197540283
240,80.74266815185547,94.361572265625,4.93105936050415,4.974808216094971,-0.8313676714897156,0.847816526889801
241,126.2953109741211,52.79952621459961,3.2179744243621826,0.7642651796340942,2.376293182373047,-2.6066510677337646
242,117.70268249511719,237.41146850585938,2.0920748710632324,8.792374610900879,-8.276698112487793,0.4729892909526825
243,11.672819137573242,126.56636810302734,2.86551833152771,8.921571731567383,-14.803227424621582,1.4910434484481812
244,152.07725524902344,203.89031982421875,2.5212841033935547,8.063028335571289,8.559661865234375,1.164958119392395
245,49.21554183959961,77.65696716308594,3.2851076126098633,2.8130033016204834,-9.424046516418457,-4.182225704193115
246,155.42776489257812,202.9185791015625,3.8500123023986816,3.3200509548187256,8.281336784362793,-3.424710988998413
247,82.84808349609375,181.91053771972656,6.2440409660339355,8.888863563537598,9.372601509094238,1.7763152122497559
248,120.76083374023438,239.7174835205078,0.938412606716156,14.697333335876465,-8.944189071655273,0.2641501724720001
249,120.25454711914062,222.24075317382812,2.4222917556762695,4.1409912109375,5.076097011566162,0.5829554796218872
250,155.78009033203125,74.33844757080078,3.7199974060058594,5.3751373291015625,8.980133056640625,-7.0940842628479
251,84.31169891357422,165.37496948242188,5.7737812995910645,3.4648520946502686,0.5982807874679565,1.1985366344451904
252,130.8560028076172,41.97351837158203,3.3071963787078857,1.5514570474624634,1.8658775091171265,-2.6075854301452637
253,113.4818115234375,249.99803161621094,6.628812789916992,4.9947967529296875,0.6276147961616516,1.5168496370315552
254,161.00994873046875,121.72774505615234,7.211982250213623,4.087252616882324,2.715740919113159,4.3514018058776855
255,31.43561363220215,141.60430908203125,2.9391868114471436,1.8081103563308716,-3.866783857345581,2.128190040588379
256,90.17203521728516,235.6206817626953,5.0973100662231445,7.555865287780762,-0.021741371601819992,2.2265968322753906
257,120.5473403930664,96.49948120117188,3.9334559440612793,6.72675895690918,0.5883451104164124,1.1192498207092285
258,118.93790435791016,175.0482177734375,4.4977707862854,3.408902645111084,4.434012413024902,0.8139264583587646
259,13.090370178222656,164.67918395996094,1.817234754562378,3.520686388015747,1.2889459133148193,2.971947431564331
260,103.13607788085938,230.70301818847656,5.388142108917236,6.489251136779785,-0.3015856444835663,1.5779451131820679
261,95.25000762939453,65.14581298828125,1.2056174278259277,7.166029930114746,6.949350357055664,0.11870305985212326
262,53.825645446777344,119.49417877197266,5.1665730476379395,5.997057914733887,3.1786482334136963,-0.8230178356170654
263,173.55191040039062,177.36752319335938,7.106556415557861,5.439062118530273,-1.0097637176513672,-0.5692752003669739
264,48.77639389038086,19.6099796295166,4.882203102111816,2.384721040725708,-0.20984451472759247,-2.503044843673706
265,72.46043395996094,59.97688293457031,4.173969268798828,6.86099910736084,-16.078203201293945,0.8122478127479553
266,35.79606628417969,204.0499725341797,9.031251907348633,1.1192439794540405,5.685183048248291,2.1171112060546875
267,186.3896484375,87.35900115966797,4.040281772613525,4.280703067779541,-0.8180353045463562,-0.05911611393094063
268,27.601966857910156,232.6301727294922,1.562876582145691,1.9565163850784302,0.6469634175300598,-0.7607646584510803
269,27.99663734436035,191.325927734375,6.122923374176025,4.538637638092041,-22.4942626953125,0.6036057472229004
270,12.533303260803223,218.1328887939453,2.289086103439331,1.0888525247573853,2.0046491622924805,-0.2482641488313675
271,138.11070251464844,187.31939697265625,4.1998772621154785,4.703216075897217,17.606386184692383,0.3158200979232788
272,25.134445190429688,172.883544921875,5.110994338989258,4.011688709259033,-15.033063888549805,-0.6304831504821777
273,39.441463470458984,118.83837127685547,6.311123847961426,3.5336434841156006,-17.6897029876709,1.0647547245025635
274,104.11677551269531,118.93524169921875,2.489760637283325,5.089629650115967,-11.705683708190918,0.11506907641887665
275,72.32667541503906,243.21771240234375,4.838992595672607,5.909523010253906,-4.07834005355835,0.3721475601196289
276,18.39236831665039,169.97129821777344,5.973605155944824,2.1050026416778564,-11.119510650634766,1.122090458869934
277,69.96515655517578,125.53926849365234,2.0337088108062744,12.53118896484375,-3.174016237258911,-1.4863694906234741
278,153.3851776123047,75.73442077636719,3.3919129371643066,7.165578842163086,-14.264664649963379,-3.1266915798187256
279,11.858052253723145,214.26544189453125,6.117608547210693,7.867319583892822,-3.1463441848754883,2.2584192752838135
280,108.78262329101562,38.36538314819336,1.9780042171478271,4.549428939819336,0.8049522638320923,0.5644645094871521
281,35.021732330322266,212.95994567871094,3.0841453075408936,5.854410171508789,-5.450283050537109,0.28349578380584717
282,129.6048126220703,153.07705688476562,1.5028767585754395,1.668227195739746,-1.0369690656661987,0.057998642325401306
283,109.06200408935547,45.55595016479492,4.612637996673584,4.556881427764893,13.835339546203613,-1.7315129041671753
284,162.02696228027344,183.82516479492188,4.525771617889404,1.5475796461105347,5.182916164398193,0.670891523361206
285,105.6129150390625,194.61886596679688,3.203723430633545,4.807743549346924,9.124346733093262,0.49176159501075745
286,50.62556076049805,68.5128173828125,2.005885601043701,13.014228820800781,-4.922595977783203,-3.1925888061523438
287,137.29954528808594,232.33592224121094,6.358916282653809,2.310520887374878,5.072018623352051,0.28427886962890625
288,148.17466735839844,231.9538116455078,9.124917030334473,1.032642126083374,2.9181151390075684,-1.199221134185791
289,123.58155059814453,57.41553497314453,2.4440321922302246,3.6546924114227295,7.453776836395264,-1.9519414901733398
290,135.77268981933594,66.50999450683594,2.939685583114624,0.2617092430591583,-0.03312256187200546,0.5706718564033508
291,67.05547332763672,144.13702392578125,0.9780452847480774,8.923489570617676,2.1604440212249756,0.684647798538208
292,173.88839721679688,77.0423812866211,4.71889066696167,1.8281984329223633,-4.851463794708252,-4.534368991851807
293,87.56969451904297,92.78450012207031,5.853042125701904,5.369275093078613,-1.8743858337402344,0.34601375460624695
294,112.21833038330078,44.97480773925781,3.0904502868652344,3.728853464126587,11.183730125427246,-0.06262805312871933
295,11.097382545471191,114.98493194580078,1.4934839010238647,3.427976131439209,-3.5457570552825928,-1.0090115070343018
296,162.04722595214844,161.1422576904297,2.6010801792144775,1.9117717742919922,3.7584328651428223,-7.558594703674316
297,80.87804412841797,153.89761352539062,4.030303478240967,9.159387588500977,-0.5715199708938599,0.08898748457431793
298,83.33689880371094,245.48439025878906,5.9086408615112305,7.073910713195801,-1.058584451675415,0.3055068254470825
299,164.38587951660156,210.8466033935547,2.354069948196411,6.015876293182373,13.229296684265137,0.989748477935791
300,148.80441284179688,76.90982055664062,1.066330075263977,2.733764886856079,-0.16335561871528625,0.7267012596130371
301,111.45640563964844,101.17269897460938,6.626539707183838,4.031117916107178,-0.43003782629966736,-0.7108086943626404
302,26.04523468017578,218.0094451904297,4.936714172363281,2.0606539249420166,-9.154773712158203,0.04743010550737381
303,183.7456512451172,218.0058135986328,3.070190906524658,3.2344517707824707,-9.375104904174805,-3.75927472114563
304,102.31504821777344,200.5334014892578,2.764946699142456,1.7302320003509521,4.308688163757324,0.02703060954809189
305,91.26000213623047,84.85328674316406,4.510715484619141,5.103311061859131,-15.430906295776367,0.8416076898574829
306,107.74931335449219,135.58555603027344,3.5849621295928955,3.254357099533081,10.788238525390625,0.10619670897722244
307,54.523284912109375,252.62794494628906,8.360743522644043,5.290890693664551,-2.556581735610962,1.4545533657073975
308,77.66439056396484,108.5201187133789,6.2193684577941895,9.881067276000977,1.1432524919509888,0.28629234433174133
309,182.44708251953125,192.4621124267578,3.4548072814941406,12.33602523803711,1.7474544048309326,-0.7378115057945251
310,69.8597412109375,214.17877197265625,4.511350631713867,8.091873168945312,6.72309684753418,0.9138578176498413
311,98.7137451171875,174.29290771484375,2.3858652114868164,7.1411943435668945,7.015431880950928,0.39612826704978943
312,8.56202507019043,129.09249877929688,0.9034562706947327,3.7504401206970215,-0.17554815113544464,-1.415329098701477
313,127.005859375,81.77127838134766,3.141808271408081,4.28483772277832,12.485607147216797,0.10369868576526642
314,63.26137924194336,7.1230788230896,1.8232048749923706,1.8844797611236572,-0.6318174600601196,0.5290266275405884
315,161.89825439453125,86.30004119873047,3.646967887878418,0.9070925712585449,-2.495213031768799,-6.859076499938965
316,108.86296844482422,78.38672637939453,6.375362873077393,6.35905122756958,-2.245063066482544,0.5420272350311279
317,95.31902313232422,246.06912231445312,5.6660051345825195,5.608220100402832,-4.32208251953125,1.0145834684371948
318,21.328184127807617,182.45980834960938,6.7960686683654785,8.043072700500488,2.1776061058044434,-0.31317993998527527
319,88.2214584350586,196.875732421875,7.048651695251465,7.493894100189209,-8.247909545898438,0.8872207403182983
320,62.5806884765625,190.82290649414062,8.044865608215332,7.751724720001221,-0.281544953584671,2.224452018737793
321,86.87470245361328,17.246726989746094,2.1768758296966553,5.385725021362305,-4.4743499755859375,0.7984314560890198
322,150.85372924804688,171.8840789794922,4.361850738525391,4.3218889236450195,-3.4791555404663086,0.9161909818649292
323,156.3758544921875,87.05923461914062,8.955829620361328,2.7520294189453125,-16.095062255859375,-5.729691028594971
324,91.09495544433594,240.58282470703125,4.292995929718018,5.788811206817627,-0.29728230834007263,-1.0180041790008545
325,109.05158233642578,9.366838455200195,5.429356098175049,3.6133041381835938,1.5312280654907227,0.623296320438385
326,49.053985595703125,223.2312774658203,6.039950370788574,6.9452805519104,-6.5134100914001465,1.4321913719177246
327,20.298320770263672,237.1052703857422,2.540835380554199,4.6986589431762695,4.216644287109375,-3.111469268798828
328,69.40739440917969,133.01065063476562,2.383678436279297,6.946761608123779,-5.193892478942871,1.5853415727615356
329,106.64441680908203,146.20220947265625,14.82873821258545,1.7738157510757446,14.296786308288574,0.6393442749977112
330,25.48832130432129,83.50658416748047,4.79378604888916,5.749147415161133,-1.3426765203475952,-2.9325480461120605
331,90.0969467163086,70.38906860351562,2.610269784927368,5.148562431335449,4.522787570953369,0.37889525294303894
332,95.42314147949219,224.04005432128906,6.790768146514893,4.076213836669922,-2.693185806274414,0.9413480162620544
333,121.576904296875,211.42288208007812,1.148675560951233,0.9551430940628052,0.8397600054740906,0.02298002690076828
334,58.7367057800293,109.95866394042969,3.825054407119751,6.427937984466553,-0.7910305261611938,-0.3005000054836273
335,147.38311767578125,97.06580352783203,3.203078508377075,4.364937782287598,8.531883239746094,2.163069009780884
336,117.75109100341797,35.866004943847656,9.527596473693848,4.527029991149902,1.6463673114776611,-1.4800758361816406
337,94.2363052368164,19.315509796142578,1.996056318283081,12.78588581085205,12.966899871826172,-1.2891459465026855
338,50.56589889526367,245.1117401123047,8.251935005187988,5.135285377502441,-2.240813970565796,0.9311000108718872
339,32.188594818115234,221.1509552001953,1.2606834173202515,6.3169941902160645,-6.95255184173584,0.8377128839492798
340,162.8603515625,183.84210205078125,4.642975807189941,1.6117967367172241,6.056139945983887,-0.7070761919021606
341,142.2488555908203,150.021728515625,2.39554500579834,6.271714210510254,5.543404579162598,1.5520431995391846
342,117.09337615966797,80.45118713378906,6.680244445800781,6.087619781494141,-0.5222753882408142,0.284268319606781
343,110.1973648071289,237.18789672851562,3.862640619277954,6.466169357299805,6.12491512298584,0.6350853443145752
344,148.59823608398438,146.3449249267578,2.450235366821289,4.410787105560303,10.62527847290039,-0.023124441504478455
345,74.59003448486328,168.3155517578125,7.833993911743164,4.399544715881348,1.1574130058288574,-0.2437882423400879
346,140.557373046875,62.702110290527344,2.5164759159088135,3.8299851417541504,-3.064523458480835,-1.2025145292282104
347,71.6233139038086,196.84153747558594,2.70358943939209,7.400096416473389,-19.568689346313477,0.47794878482818604
348,152.5464630126953,137.3378143310547,4.036852836608887,3.327814817428589,2.58577823638916,-0.3440849483013153
349,118.99622344970703,8.2606782913208,2.6932437419891357,3.978372812271118,4.414661407470703,-4.525506973266602
350,127.47831726074219,49.36415481567383,4.6721391677856445,2.454040050506592,-6.965495586395264,-3.3052430152893066
351,84.50428009033203,226.5102996826172,4.858099460601807,2.4020681381225586,-6.1128458976745605,0.15943799912929535
352,27.207300186157227,145.86538696289062,4.236904144287109,4.329471111297607,-6.971466541290283,-3.7982277870178223
353,185.39305114746094,70.52014923095703,6.129444122314453,5.64463472366333,0.34200143814086914,-1.81998872756958
354,98.62871551513672,41.210838317871094,6.1509928703308105,2.046992540359497,12.094257354736328,-0.03128712251782417
355,76.2569351196289,196.44508361816406,7.730154514312744,7.395461082458496,-5.928641319274902,1.7338893413543701
356,104.38092803955078,87.8139419555664,4.615400791168213,5.849553108215332,0.6943503618240356,0.7821759581565857
357,92.2242202758789,184.5162811279297,4.319551467895508,7.061228275299072,6.594180583953857,0.6854557394981384
358,187.09036254882812,210.00119018554688,6.639718055725098,9.529714584350586,-2.291522979736328,2.560275077819824
359,54.7864875793457,67.94823455810547,1.8268629312515259,3.532263994216919,-3.05108380317688,-6.102395057678223
360,82.59666442871094,77.94947814941406,8.129462242126465,1.8542592525482178,-3.614065170288086,0.27683040499687195
361,52.207664489746094,122.55729675292969,3.500990629196167,3.492276906967163,-9.267989158630371,-0.4772643744945526
362,90.8034439086914,98.95539855957031,4.357251167297363,1.602500081062317,3.7229185104370117,0.31605324149131775
363,136.78961181640625,80.2295150756836,3.9538440704345703,3.537069082260132,7.038013935089111,1.5213744640350342
364,62.74672317504883,230.30538940429688,6.064730167388916,3.7595760822296143,2.294682264328003,0.342394083738327
365,164.86627197265625,133.11622619628906,7.573770046234131,1.8292291164398193,2.56766939163208,-1.1219576597213745
366,121.34211730957031,19.160736083984375,1.7830554246902466,6.884515762329102,6.490392208099365,-2.5973494052886963
367,47.44367599487305,134.55215454101562,5.937871932983398,7.313645839691162,-4.484579086303711,2.067828893661499
368,172.29312133789062,205.58811950683594,5.196274757385254,4.523239612579346,-4.78366231918335,0.42663073539733887
369,89.4986801147461,0.23411795496940613,8.790130615234375,0.6722618937492371,0.7924627065658569,-2.1947484016418457
370,68.39671325683594,246.27877807617188,7.811214447021484,7.073077201843262,-2.762777805328369,1.88848078250885
371,102.19588470458984,47.94218444824219,4.747086524963379,4.304921627044678,5.138689994812012,-0.6434935331344604
372,53.73001480102539,130.9868927001953,1.024573564529419,2.1431407928466797,0.5271078944206238,0.08104558289051056
373,2.969770669937134,109.86898040771484,4.052940368652344,8.162015914916992,0.49608108401298523,-3.38212251663208
374,105.77069091796875,184.8328094482422,7.721288681030273,2.5182297229766846,3.455533504486084,0.37003564834594727
375,24.214298248291016,156.8783721923828,4.633321762084961,3.424809455871582,3.3748233318328857,2.2982709407806396
376,63.327693939208984,43.99488067626953,4.026406764984131,8.908141136169434,-3.895209789276123,1.126546859741211
377,61.9027214050293,147.96810913085938,1.2469842433929443,12.363519668579102,-10.48101806640625,0.22468385100364685
378,88.92356872558594,85.93529510498047,5.383505344390869,6.812432765960693,1.0255029201507568,-0.720325767993927
379,59.446598052978516,222.55943298339844,4.955418586730957,5.872491359710693,9.1041898727417,0.7816620469093323
380,64.10908508300781,59.30139923095703,7.157271385192871,5.8439717292785645,-12.543633460998535,2.496777057647705
381,111.36686706542969,60.378700256347656,3.0930159091949463,5.193602561950684,14.385498046875,0.15627947449684143
382,2.1109650135040283,202.917724609375,5.55202579498291,3.5550882816314697,-11.509883880615234,0.6572402119636536
383,42.5447883605957,72.83292388916016,1.9420397281646729,4.61065673828125,2.509538412094116,-2.885831117630005
384,136.88323974609375,134.274658203125,8.787026405334473,6.495193004608154,-0.6184794902801514,1.225239872932434
385,61.5160026550293,38.41609573364258,8.53306770324707,3.4579010009765625,-23.563045501708984,-0.15424509346485138
386,177.35362243652344,154.02423095703125,4.8264946937561035,1.4223617315292358,-5.183200359344482,-0.4493928849697113
387,33.29935836791992,166.6592559814453,4.188050270080566,1.727898359298706,-0.9810686707496643,0.4621269404888153
388,103.16813659667969,1.1766959428787231,2.604827404022217,7.730373859405518,2.437386989593506,1.156158447265625
389,114.7535400390625,237.98350524902344,2.775897264480591,5.744026184082031,-2.173149347305298,0.4767066240310669
390,60.07197570800781,20.187606811523438,1.4806561470031738,9.247990608215332,-11.318117141723633,0.17238840460777283
391,62.81981658935547,208.2931365966797,3.927468776702881,3.1546151638031006,4.531377792358398,0.3190900683403015
392,119.41661071777344,70.1982192993164,7.622222900390625,3.1882829666137695,-3.769359827041626,0.6351527571678162
393,78.58629608154297,168.90234375,10.076620101928711,3.4558115005493164,-0.25168564915657043,-4.128582000732422
394,70.92220306396484,197.09634399414062,2.7505178451538086,7.373326301574707,-19.55323028564453,-1.753961443901062
395,77.59825134277344,178.12176513671875,1.9510809183120728,3.6224939823150635,-6.656473636627197,-0.07812321186065674
396,143.5719451904297,98.97236633300781,1.143117904663086,2.6083617210388184,-0.5300693511962891,-10.56267261505127
397,119.49479675292969,195.31175231933594,5.115189075469971,5.198214530944824,-3.834228038787842,4.112445831298828
398,106.96089172363281,141.70481872558594,3.9575207233428955,5.87543249130249,19.46413230895996,0.45932143926620483
399,36.18377685546875,238.93727111816406,5.4151930809021,9.010775566101074,-4.0793657302856445,1.2821317911148071
400,82.62823486328125,25.70858383178711,1.325225830078125,5.144631385803223,-2.6488685607910156,3.700044631958008
401,95.38975524902344,122.66341400146484,5.477147579193115,1.7818928956985474,3.562006711959839,0.2707058787345886
402,113.03841400146484,93.40404510498047,3.2121291160583496,4.878439426422119,-13.934332847595215,0.09964415431022644
403,52.75225830078125,191.59625244140625,2.7988436222076416,4.63818359375,-12.398042678833008,-2.4519729614257812
404,116.35250854492188,171.92430114746094,5.996059417724609,4.170383930206299,-2.5576987266540527,-1.4558851718902588
405,62.40475082397461,102.88988494873047,2.814358711242676,5.350424766540527,-0.3607235252857208,0.6417222619056702
406,16.404451370239258,123.17464447021484,2.800529718399048,6.672919273376465,-2.961919069290161,-7.773044586181641
407,100.1890640258789,149.66983032226562,4.677652835845947,4.2120137214660645,8.935964584350586,0.9267556667327881
408,89.36502838134766,29.213733673095703,4.678553104400635,3.9627325534820557,5.458561897277832,-3.129788875579834
409,50.06119155883789,15.502028465270996,6.9403181076049805,1.9351000785827637,0.772841215133667,-0.6033973693847656
410,122.83583068847656,114.08702850341797,6.386828899383545,5.408246994018555,0.3005324900150299,-0.2867683172225952
411,107.8561782836914,198.69032287597656,1.2161948680877686,1.4070314168930054,-1.6787562370300293,-0.027535490691661835
412,91.46044921875,174.9199981689453,4.834179878234863,4.549374580383301,-10.551229476928711,0.3608216345310211
413,163.56442260742188,55.14677047729492,7.772268295288086,2.7366209030151367,9.324851989746094,1.132997751235962
414,53.93427658081055,167.67776489257812,6.909004211425781,5.047748565673828,1.005380392074585,-3.3493361473083496
415,69.87886810302734,155.73248291015625,4.110854148864746,4.802331924438477,0.7799065709114075,0.6675621271133423
416,171.03343200683594,188.23350524902344,4.432742595672607,2.171952724456787,9.344237327575684,0.029555322602391243
417,71.69168853759766,19.090360641479492,4.648797988891602,3.03263521194458,8.010832786560059,-0.20095305144786835
418,134.34906005859375,105.43043518066406,8.505678176879883,6.166269779205322,5.451986789703369,1.711457371711731
419,58.390357971191406,232.5922393798828,7.3001604080200195,6.855165481567383,-1.1534444093704224,0.29805099964141846
420,34.75164031982422,125.91852569580078,6.430887222290039,8.769878387451172,-9.66609001159668,1.9997262954711914
421,113.18516540527344,136.64483642578125,3.985215663909912,4.969661235809326,6.31471061706543,0.8313505053520203
422,62.24563217163086,145.5108184814453,3.677670955657959,1.5639108419418335,-1.593841314315796,1.3036915063858032
423,154.08544921875,191.32501220703125,3.878141164779663,4.405656337738037,16.88168716430664,-0.23361359536647797
424,23.0125732421875,134.2015380859375,3.5174834728240967,1.6742000579833984,-5.2308807373046875,-7.980473518371582
425,67.90135955810547,18.05556297302246,1.69818115234375,5.562777996063232,5.971771240234375,-0.8113350868225098
426,52.934932708740234,121.2171401977539,3.3732762336730957,3.428009510040283,-4.378931045532227,1.5044090747833252
427,176.7225799560547,220.00912475585938,3.5933001041412354,2.5187196731567383,-8.817256927490234,0.02174399234354496
428,85.57363891601562,34.66651916503906,5.3387556076049805,0.8879426717758179,-1.8706237077713013,0.06951423734426498
429,77.8504409790039,252.6973419189453,13.221742630004883,4.054876804351807,-1.3909698724746704,1.5405994653701782
430,100.87518310546875,157.5566864013672,5.572386741638184,3.8107666969299316,5.882711887359619,1.0991709232330322
431,27.192934036254883,109.95521545410156,1.296854019165039,9.494400978088379,-0.8201372623443604,-0.6669049263000488
432,123.17662048339844,164.51625061035156,10.811349868774414,2.2016751766204834,-1.9954277276992798,0.6848490238189697
433,125.73445892333984,88.34065246582031,3.1780877113342285,10.314244270324707,27.85422134399414,0.41824421286582947
434,131.3800048828125,188.27369689941406,3.222252130508423,3.496721029281616,1.896812915802002,1.0730265378952026
435,127.80580139160156,41.247230529785156,7.046832084655762,4.818173408508301,1.9227321147918701,3.5313968658447266
436,104.16493225097656,104.0652847290039,0.7994207143783569,3.1103124618530273,1.245747685432434,0.09778108447790146
437,157.3005828857422,80.21463775634766,5.706145286560059,4.981935024261475,-5.819791793823242,8.254648208618164
438,107.97997283935547,157.9614715576172,3.4923150539398193,4.51088285446167,-6.452056884765625,0.2490435540676117
439,50.19739532470703,85.62235260009766,3.873020648956299,2.72048020362854,-6.2552876472473145,-3.7915737628936768
440,158.82701110839844,173.61788940429688,1.0364612340927124,4.472899436950684,0.6858062744140625,-0.5842866897583008
441,106.00032806396484,37.4262580871582,3.34135103225708,2.207911491394043,6.907026767730713,0.04612775146961212
442,120.76915740966797,31.320322036743164,1.4591684341430664,8.244427680969238,11.157984733581543,-0.10088635236024857
443,155.48504638671875,192.81358337402344,6.072638511657715,4.887143611907959,3.2714242935180664,1.3430132865905762
444,68.89054107666016,41.85026168823242,4.037135124206543,3.9892096519470215,-15.901780128479004,0.036924783140420914
445,19.44761085510254,162.55984497070312,1.0701907873153687,2.521332263946533,2.167437791824341,-0.12319539487361908
446,39.95867156982422,109.27452850341797,2.9726412296295166,5.619246482849121,-7.943880558013916,-5.401020050048828
447,177.8134307861328,110.86244201660156,0.5882278084754944,11.018749237060547,-1.677270531654358,-6.484076023101807
448,106.75931549072266,95.06282806396484,3.5857925415039062,4.575702667236328,0.0670466274023056,0.6943773031234741
449,71.68948364257812,206.28466796875,6.872477054595947,4.980602264404297,-3.8300907611846924,-1.0323097705841064
450,108.24099731445312,204.8720245361328,5.394505023956299,4.196960926055908,6.2857794761657715,0.7551783919334412
451,6.206730365753174,193.4453887939453,7.97493314743042,5.168460845947266,-1.7246447801589966,5.657073497772217
452,76.55155944824219,217.62767028808594,3.463784694671631,4.478579521179199,8.211297988891602,0.5241701602935791
453,31.43302345275879,141.7669677734375,3.075481653213501,1.846127986907959,-4.230951309204102,-2.3662586212158203
454,113.3966293334961,116.25897216796875,3.844301223754883,2.206017255783081,1.192655086517334,0.5898770093917847
455,67.47036743164062,162.26971435546875,2.545542001724243,1.5988532304763794,-1.1284695863723755,0.19079449772834778
456,44.904747009277344,194.54994201660156,6.79958963394165,5.075897693634033,1.667440414428711,1.1468387842178345
457,95.50469970703125,193.7452850341797,1.291522741317749,17.09370231628418,2.8044650554656982,0.41253578662872314
458,97.4595947265625,195.4580535888672,3.2329399585723877,4.303098201751709,5.7249531745910645,0.24446900188922882
459,121.32260131835938,66.32466125488281,2.9645941257476807,3.6656606197357178,8.428207397460938,0.22843579947948456
460,64.65961456298828,22.316457748413086,0.8791808485984802,3.06009840965271,2.2991788387298584,0.01628194749355316
461,14.508421897888184,189.1873321533203,8.046863555908203,2.8043792247772217,-15.048012733459473,0.2621225118637085
462,57.685062408447266,37.0008544921875,3.009920835494995,19.38755989074707,0.6270488500595093,2.355015754699707
463,182.36819458007812,195.56619262695312,6.034383296966553,6.382091045379639,4.437317848205566,1.8931927680969238
464,61.16987228393555,109.41502380371094,5.689431667327881,2.6202754974365234,5.573164939880371,0.6590357422828674
465,58.68407440185547,114.97027587890625,3.3197407722473145,3.372109889984131,-3.6507153511047363,0.3608078062534332
466,68.53226470947266,235.0150604248047,6.689138412475586,5.299455642700195,1.4879497289657593,0.6533388495445251
467,116.892578125,101.9924545288086,1.6915937662124634,4.949057102203369,7.448232173919678,0.1063927710056305
468,89.26092529296875,204.63429260253906,3.906416893005371,9.636603355407715,-5.870091915130615,0.4861019551753998
469,40.96480941772461,136.69863891601562,4.459655284881592,3.6957039833068848,-16.22924041748047,-0.044571347534656525
470,109.42269897460938,3.902986526489258,3.4758195877075195,3.2898738384246826,9.135943412780762,-1.9373513460159302
471,122.17387390136719,123.97872924804688,5.551840305328369,5.544478416442871,3.044494390487671,-1.147943139076233
472,118.64094543457031,196.65846252441406,3.5998871326446533,5.779784202575684,4.729040145874023,-2.3686556816101074
473,139.3070526123047,90.13057708740234,3.2132651805877686,1.189976453781128,2.318751811981201,0.12391147762537003
474,64.13337707519531,160.4476776123047,1.9973869323730469,3.191340208053589,-5.494552135467529,0.25181928277015686
475,159.0739288330078,160.12081909179688,2.823617458343506,3.165217876434326,8.565560340881348,-1.1702558994293213
476,109.51148223876953,83.52169799804688,3.1786601543426514,6.409695148468018,1.678757667541504,0.6567744612693787
477,5.038419723510742,153.91119384765625,2.3676276206970215,2.311417818069458,-4.30303430557251,-4.677563667297363
478,94.96942901611328,201.01473999023438,1.0769253969192505,11.40576457977295,8.815144538879395,1.8243296146392822
479,52.8344612121582,191.3221435546875,3.077033042907715,5.04480504989624,-15.230941772460938,0.8565371036529541
480,120.04582977294922,101.17404174804688,3.8433773517608643,6.022926330566406,21.503206253051758,0.11071505397558212
481,25.796056747436523,133.2421112060547,2.308854579925537,1.3488482236862183,-2.676248550415039,2.609114646911621
482,96.11959075927734,133.67742919921875,4.799994945526123,5.927105903625488,9.672647476196289,1.2132269144058228
483,11.90835189819336,128.41490173339844,3.5081100463867188,3.4550461769104004,-7.61488151550293,-2.3905487060546875
484,15.654640197753906,107.5151138305664,6.427690029144287,6.499997615814209,0.7233157157897949,3.2452290058135986
485,150.2107391357422,220.67848205566406,3.9051625728607178,2.7491209506988525,-9.39565658569336,-2.059239625930786
486,102.17256164550781,71.69562530517578,4.8700408935546875,1.5651847124099731,-3.542712450027466,0.37677517533302307
487,39.55998229980469,252.05642700195312,8.015445709228516,5.508153438568115,4.734549522399902,1.6718984842300415
488,15.71129035949707,143.32369995117188,6.637264728546143,4.1783342361450195,-9.632715225219727,0.900787353515625
489,85.8268814086914,90.64016723632812,5.706474304199219,4.418947219848633,-0.9757007360458374,0.26306676864624023
490,88.42337036132812,12.946911811828613,2.860755443572998,3.3710670471191406,9.068840980529785,-0.18356026709079742
491,46.71822738647461,167.77294921875,5.187325477600098,4.227930068969727,-8.79407024383545,1.8785061836242676
492,103.87628936767578,73.5180435180664,4.263343811035156,3.383690118789673,-0.13943172991275787,-0.7750582098960876
493,125.01388549804688,114.20246887207031,2.1470284461975098,10.01264762878418,3.1009883880615234,0.32330983877182007
494,52.491737365722656,170.24981689453125,3.3191816806793213,7.2882914543151855,-4.564114570617676,1.4767251014709473
495,34.00182342529297,177.4046173095703,4.736579418182373,2.485360622406006,4.202130317687988,0.1825658679008484
496,144.9893798828125,96.98116302490234,2.9412167072296143,3.1029982566833496,1.7536468505859375,-3.120882511138916
497,141.23919677734375,54.722938537597656,7.673569202423096,6.942078113555908,-7.833695888519287,2.348313331604004
498,84.23344421386719,41.554439544677734,3.560304641723633,0.6722641587257385,-1.5111815929412842,-0.4010256826877594
499,29.34269905090332,159.22268676757812,4.437695503234863,2.6752121448516846,-4.1622209548950195,-0.32072824239730835
500,120.82172393798828,167.37088012695312,7.067651271820068,3.6785874366760254,-6.380232334136963,-1.7449345588684082
501,28.7340087890625,248.0979461669922,1.6381468772888184,2.0851633548736572,0.3498554527759552,-6.092165946960449
502,61.327308654785156,220.1237335205078,5.140005111694336,8.432809829711914,-0.1415765881538391,-1.112406849861145
503,37.43716812133789,96.15026092529297,4.814997673034668,2.238725185394287,-5.423730373382568,2.6571593284606934
504,49.53605651855469,85.67772674560547,4.606695175170898,3.144063949584961,-5.206053256988525,5.6917243003845215
505,81.99431610107422,10.964797019958496,10.10473918914795,2.8749470710754395,1.322608470916748,-2.5187900066375732
506,91.54802703857422,51.549835205078125,0.27002349495887756,1.0790189504623413,0.09539758414030075,0.014977124519646168
507,117.58149719238281,35.40242385864258,4.857048511505127,5.768167972564697,-9.327189445495605,1.361285924911499
508,21.991779327392578,118.40132904052734,8.091282844543457,3.6398508548736572,1.2736908197402954,4.946985721588135
509,14.027679443359375,157.51123046875,2.585507392883301,6.377809524536133,-10.410691261291504,0.9073365330696106
510,68.44779205322266,147.70587158203125,3.3332059383392334,5.761878490447998,-7.515097618103027,1.329789400100708
511,45.37382125854492,206.2962188720703,6.722317695617676,5.214923858642578,2.1022987365722656,0.8498111367225647
512,92.85951232910156,91.39302062988281,4.357728481292725,4.831324100494385,-1.8470343351364136,0.7570059895515442
513,76.11141967773438,213.0061798095703,4.893537998199463,7.695466995239258,2.020778179168701,-1.5130151510238647
514,41.24138259887695,101.8885726928711,2.717101812362671,8.95006275177002,3.3232412338256836,-3.039447069168091
515,152.6983642578125,246.1001434326172,6.022363185882568,6.074070453643799,-1.3385066986083984,-1.1912996768951416
516,49.34259796142578,136.50608825683594,1.6011161804199219,2.8017187118530273,-3.9821088314056396,0.0319402739405632
517,61.99142837524414,43.89093780517578,2.211090326309204,3.7966740131378174,8.157130241394043,-0.026006733998656273
518,47.8104362487793,77.97965240478516,1.8611963987350464,5.336195945739746,-4.531579971313477,-1.5873565673828125
519,47.64363098144531,213.76736450195312,7.362387657165527,6.6697611808776855,-2.17997407913208,1.6142499446868896
520,28.23052978515625,155.66513061523438,1.834942102432251,3.1021623611450195,3.2783288955688477,-1.7135136127471924
521,93.90869140625,252.90771484375,8.517253875732422,4.534472465515137,5.6894049644470215,0.8389020562171936
522,70.5477523803711,196.94577026367188,2.8116238117218018,7.517912864685059,-20.52654266357422,0.7793271541595459
523,58.332096099853516,51.78107833862305,0.5413637757301331,0.9026654958724976,-0.10794802010059357,-2.0928146839141846
524,68.0118408203125,20.568511962890625,2.0178346633911133,5.503294944763184,6.443665981292725,2.6097676753997803
525,152.2375946044922,87.93611145019531,5.490471839904785,2.1312038898468018,-5.021993160247803,2.837677240371704
526,114.80677032470703,220.7212371826172,3.1729960441589355,4.147636413574219,8.685307502746582,0.30845755338668823
527,54.952083587646484,37.77216339111328,1.7533221244812012,7.182758808135986,0.31843581795692444,-3.123082399368286
528,150.72947692871094,226.76324462890625,4.971440315246582,3.229741334915161,-13.408453941345215,-1.6328898668289185
529,129.33779907226562,209.5867919921875,4.102886199951172,3.1686718463897705,-7.5762200355529785,0.584841251373291
530,119.7345199584961,206.4427947998047,3.5579659938812256,12.29089641571045,-8.66651439666748,2.69006609916687
531,74.71794891357422,46.446372985839844,3.5142126083374023,5.079057216644287,-4.772205829620361,0.5163007378578186
532,115.77423095703125,55.858489990234375,1.611297369003296,12.943609237670898,-3.3903939723968506,0.20618170499801636
533,157.35040283203125,133.69363403320312,5.9718852043151855,6.671648979187012,6.976909637451172,2.814680337905884
534,104.36042785644531,189.29507446289062,4.358850955963135,2.5991787910461426,-10.307034492492676,0.10987651348114014
535,184.6857452392578,151.15342712402344,3.756572961807251,2.461886167526245,-5.223839282989502,-4.0687737464904785
536,55.597145080566406,139.57980346679688,2.4535303115844727,6.723366737365723,-14.348498344421387,0.2613661587238312
537,74.75625610351562,142.75106811523438,6.539095401763916,3.9593396186828613,-1.0645679235458374,-1.0996636152267456
538,121.40635681152344,73.11180114746094,6.421410083770752,6.132878303527832,-1.2032124996185303,0.515193521976471
539,134.9056396484375,206.689208984375,2.017509937286377,3.1796295642852783,3.0994999408721924,-1.2992256879806519
540,7.320250034332275,175.745849609375,4.606193542480469,2.8993606567382812,-2.5458972454071045,1.1929429769515991
541,168.88668823242188,127.88006591796875,1.6212018728256226,4.80085563659668,-3.6859023571014404,-4.323677062988281
542,162.56771850585938,168.7752227783203,2.7127833366394043,4.143515110015869,9.27589225769043,-4.366176605224609
543,9.287452697753906,187.02857971191406,3.5806024074554443,0.9248379468917847,0.03912346437573433,0.1206945925951004
544,54.10808181762695,129.27392578125,2.890333890914917,6.7262959480285645,3.099414825439453,-0.738093376159668
545,44.20005798339844,148.260009765625,1.419064998626709,4.4292097091674805,-5.7012248039245605,0.3759184777736664
546,151.344970703125,168.93008422851562,0.7673417329788208,5.9933180809021,2.116835117340088,-0.41552823781967163
547,67.51846313476562,114.58218383789062,3.856476068496704,5.005855560302734,-1.415964961051941,0.8770930767059326
548,143.4407196044922,118.44378662109375,6.256919860839844,7.467587471008301,3.9061076641082764,0.9305884838104248
549,95.95354461669922,110.84678649902344,4.298042297363281,3.691527843475342,1.5106693506240845,0.8260436058044434
550,126.3627700805664,219.5328826904297,5.630898952484131,4.303135395050049,-2.345527410507202,-5.740386009216309
551,164.76840209960938,222.78302001953125,5.3124494552612305,2.9412636756896973,0.5076058506965637,-1.2517762184143066
552,63.18608856201172,124.11205291748047,3.163109064102173,5.151601314544678,-4.484918117523193,0.4760248363018036
553,144.38644409179688,228.67245483398438,5.73090124130249,3.574263095855713,-0.6565520763397217,1.0571705102920532
554,32.66891860961914,219.29876708984375,1.1232389211654663,7.530871868133545,-7.100835800170898,0.18166689574718475
555,144.75897216796875,76.13255310058594,2.728762149810791,1.6754299402236938,-0.4674470126628876,-6.682730197906494
556,76.26824188232422,231.24411010742188,3.8930718898773193,6.948955059051514,0.6242939233779907,-0.6399852633476257
557,17.64344596862793,170.0349884033203,8.27138614654541,2.7276313304901123,-21.190275192260742,-1.4408671855926514
558,105.7007827758789,34.37493133544922,2.145676374435425,8.167784690856934,-6.605395317077637,0.8738791942596436
559,130.462646484375,20.571680068969727,2.6168644428253174,8.641547203063965,4.837753772735596,-4.010078430175781
560,76.56169891357422,161.10806274414062,6.679503440856934,4.841717720031738,-1.1708804368972778,0.7861294150352478
561,31.814697265625,220.6202392578125,4.872064590454102,6.49675989151001,6.476860523223877,0.7353625297546387
562,145.11410522460938,76.08468627929688,1.9173774719238281,2.552903890609741,3.7431390285491943,-2.4984631538391113
563,165.12789916992188,202.5846405029297,3.4323506355285645,7.13342809677124,8.43008041381836,0.6695960164070129
564,86.24602508544922,108.11837005615234,2.7775869369506836,3.4306018352508545,-6.404733180999756,0.20303796231746674
565,105.02005767822266,46.294429779052734,3.501124143600464,2.870044231414795,8.273575782775879,0.5715372562408447
566,69.06819152832031,87.2327880859375,2.261148691177368,9.476126670837402,19.797130584716797,0.1619398146867752
567,112.24098205566406,38.231266021728516,2.5879509449005127,10.968313217163086,4.972496509552002,1.41513991355896
568,90.8165054321289,219.95179748535156,3.6121749877929688,1.403661847114563,-4.268714904785156,0.06962411850690842
569,83.02521514892578,224.5419158935547,3.7201664447784424,3.853581428527832,-12.799180030822754,0.11269348114728928
570,91.02401733398438,163.88125610351562,4.389525413513184,6.401641368865967,1.8146721124649048,1.1850265264511108
571,69.65974426269531,73.74703216552734,1.5527961254119873,5.0585713386535645,0.7171362042427063,0.2496897429227829
572,180.70855712890625,189.60910034179688,7.9285078048706055,3.9411709308624268,3.539078712463379,1.1452590227127075
573,52.878929138183594,189.04808044433594,2.8003628253936768,4.6183762550354,-12.575998306274414,0.07582291215658188
574,131.70721435546875,156.224609375,5.103398323059082,6.166807651519775,0.11228696256875992,2.7382328510284424
575,14.321182250976562,126.97743225097656,3.118476390838623,2.0857889652252197,1.4032076597213745,3.145444869995117
576,31.371883392333984,193.9185028076172,6.112959861755371,6.38626766204834,-12.503071784973145,1.7384090423583984
577,182.72474670410156,146.83937072753906,6.734579086303711,0.7967931628227234,4.259042263031006,-1.4632397890090942
578,26.534326553344727,184.154541015625,6.184349536895752,2.771669626235962,-12.595256805419922,1.0611577033996582
579,107.5314712524414,176.9674530029297,6.58497428894043,5.891393184661865,-1.252030372619629,2.4906814098358154
580,85.7090072631836,54.60988235473633,4.503685474395752,5.108963966369629,4.231584072113037,-1.0130339860916138
581,170.391845703125,158.79669189453125,8.04770278930664,1.2993313074111938,9.359837532043457,-0.16508851945400238
582,55.55179977416992,27.739501953125,2.545642375946045,3.9252519607543945,-5.5585503578186035,-0.5135509371757507
583,104.11390686035156,106.44625854492188,4.7516374588012695,5.759488582611084,0.6485467553138733,-0.4774886667728424
584,184.9951934814453,180.81443786621094,2.577514410018921,3.769191026687622,1.6359742879867554,-1.7541636228561401
585,23.822511672973633,180.7846221923828,6.506491661071777,2.1277389526367188,-13.041142463684082,0.11325215548276901
586,54.985782623291016,200.22479248046875,8.062926292419434,8.249515533447266,0.49023839831352234,1.8965367078781128
587,78.47273254394531,59.862579345703125,0.3767191469669342,5.658579349517822,0.6659226417541504,0.03411443531513214
588,174.4823455810547,225.42201232910156,4.927255630493164,2.201920747756958,-8.869577407836914,-1.9862087965011597
589,118.40128326416016,70.13834381103516,1.2168974876403809,4.8600029945373535,2.732142448425293,0.21624541282653809
590,180.8173828125,191.4085235595703,6.627870559692383,6.532101154327393,-0.3618796169757843,0.107223279774189
591,85.50720977783203,41.43657684326172,2.8279576301574707,0.4407564699649811,-0.5241439342498779,0.24714328348636627
592,23.194374084472656,188.63856506347656,4.43227481842041,2.594808578491211,-10.097771644592285,0.28032809495925903
593,105.1799087524414,48.172996520996094,2.7759809494018555,15.469822883605957,2.4324452877044678,1.5264301300048828
594,122.76323699951172,124.91960906982422,7.965633392333984,5.42043399810791,-1.4145454168319702,1.1010159254074097
595,128.56369018554688,46.92868423461914,2.510627269744873,4.116516590118408,-0.4043329358100891,-4.172731876373291
596,65.4453353881836,132.6017608642578,0.29030129313468933,2.5457608699798584,-0.030777906998991966,0.0688510537147522
597,181.5631561279297,146.6630096435547,4.192750930786133,0.4699395000934601,1.0177112817764282,0.8977621793746948
598,73.23629760742188,224.4788818359375,2.7368125915527344,4.098400592803955,5.233060359954834,0.36982694268226624
599,22.935962677001953,200.67401123046875,9.325791358947754,3.471309185028076,-2.6790781021118164,1.0445835590362549
600,5.946223735809326,167.4061279296875,1.2976938486099243,6.2059478759765625,-6.016184329986572,-0.3676363229751587
601,51.596473693847656,125.9975357055664,6.035006523132324,3.372861623764038,5.2302632331848145,1.1057630777359009
602,88.43978881835938,45.21003341674805,3.4558591842651367,4.817455291748047,15.631905555725098,0.03677060455083847
603,93.3958969116211,173.69544982910156,0.3219860792160034,5.674588203430176,-1.540618896484375,0.04251180961728096
604,62.03273010253906,237.79576110839844,6.315624713897705,7.4847259521484375,-3.219836950302124,1.3020696640014648
605,150.7423095703125,109.11680603027344,3.757004976272583,1.5875312089920044,0.27338993549346924,-0.7218636274337769
606,128.9376220703125,203.57984924316406,3.3847031593322754,5.890817165374756,-16.556198120117188,0.45734846591949463
607,96.95014190673828,27.00177764892578,6.084259510040283,5.241800308227539,17.62201690673828,-3.4858736991882324
608,125.3608627319336,233.90481567382812,2.08416748046875,7.571449279785156,-0.5640700459480286,0.7789984345436096
609,110.4918212890625,86.24223327636719,1.8068095445632935,4.60047721862793,-7.2805891036987305,0.05794075131416321
610,50.449928283691406,23.623743057250977,7.408621788024902,5.595610618591309,6.324258327484131,-0.10827567428350449
611,139.25881958007812,112.74634552001953,3.1175317764282227,3.8021841049194336,11.562516212463379,-0.14958977699279785
612,146.86380004882812,230.17454528808594,7.623971462249756,1.6165852546691895,-4.272676944732666,-0.7995686531066895
613,57.091590881347656,60.7835693359375,2.0260732173919678,2.9199485778808594,-4.792756080627441,-0.6241704821586609
614,139.84197998046875,34.79087448120117,3.2826218605041504,2.176921844482422,-2.0998282432556152,-3.8870999813079834
615,24.584627151489258,98.92682647705078,2.3951215744018555,2.48397159576416,-4.160724639892578,-1.3703258037567139
616,7.308986663818359,187.4285430908203,5.0427703857421875,9.21684455871582,1.9584530591964722,-4.524990558624268
617,145.8032989501953,241.61016845703125,2.3646607398986816,6.55790376663208,-9.150721549987793,-1.7194910049438477
618,90.9853286743164,144.27029418945312,1.681921362876892,5.80430269241333,-8.531265258789062,0.060582175850868225
619,74.80541229248047,66.33428955078125,2.0982468128204346,5.8577070236206055,-5.178127765655518,0.3168520927429199
620,134.92185974121094,209.41293334960938,2.0399692058563232,12.744681358337402,9.350549697875977,1.3503820896148682
621,61.69001007080078,171.04576110839844,3.7086853981018066,5.934567451477051,-16.6197452545166,0.6263520121574402
622,80.89468383789062,108.6773910522461,3.773928642272949,1.9659746885299683,-5.00657844543457,0.1967182159423828
623,111.37503814697266,90.24878692626953,6.4719696044921875,5.3580803871154785,0.9187199473381042,-0.08166873455047607
624,111.22234344482422,123.34617614746094,6.899503707885742,5.346993923187256,-14.18106746673584,1.5578622817993164
625,49.88420486450195,180.31861877441406,5.717369556427002,2.7665247917175293,-9.390485763549805,1.0647140741348267
626,112.2917709350586,226.03590393066406,5.4266204833984375,2.0936713218688965,-2.3184430599212646,0.20973767340183258
627,139.597900390625,182.98779296875,1.1991769075393677,6.692420959472656,5.969155788421631,0.17864510416984558
628,150.606689453125,237.12217712402344,3.87874436378479,0.8844668865203857,-0.43632087111473083,-2.0279321670532227
629,150.62063598632812,102.40848541259766,1.237224817276001,4.164201259613037,-2.476330280303955,-0.6217982769012451
630,62.63273239135742,215.68414306640625,6.059443950653076,3.1293253898620605,8.631442070007324,0.8765990138053894
631,174.12106323242188,224.2248992919922,6.51802921295166,4.060952663421631,-0.541827380657196,0.6250765919685364
632,11.1260404586792,180.37147521972656,5.080000877380371,3.1420958042144775,7.99575662612915,0.8396667838096619
633,163.13223266601562,95.79840087890625,1.8618502616882324,10.3443021774292,-3.347128391265869,-3.796879291534424
634,143.72315979003906,154.70237731933594,1.7945349216461182,6.924520492553711,6.639350891113281,1.2152001857757568
635,145.8169708251953,231.58248901367188,4.703111171722412,1.1515753269195557,1.24974524974823,1.1217234134674072
636,91.11094665527344,242.25379943847656,3.9100468158721924,4.942593097686768,-3.064885139465332,0.48151519894599915
637,94.96379852294922,202.97161865234375,1.1007964611053467,9.990096092224121,6.991438865661621,-3.577941656112671
638,38.8685302734375,174.87496948242188,5.122979164123535,2.29388165473938,-7.585053443908691,0.5671929717063904
639,97.78075408935547,110.48271179199219,4.575572967529297,4.018689155578613,1.4379081726074219,0.7909085750579834
640,54.51609420776367,75.92475128173828,5.289074897766113,5.58538818359375,1.2443867921829224,1.4368442296981812
641,42.39052963256836,87.60066223144531,7.956841945648193,1.92484450340271,-4.361487865447998,-2.3470458984375
642,110.48150634765625,26.266204833984375,0.2701387107372284,3.808074712753296,0.1461549699306488,0.027257362380623817
643,64.02140045166016,150.30538940429688,0.7362594604492188,4.196374893188477,-1.8755208253860474,-0.3943231701850891
644,50.576087951660156,140.58560180664062,4.31833028793335,6.621978759765625,-24.407512664794922,0.4130244255065918
645,76.60556030273438,179.2617645263672,1.9772863388061523,4.193699836730957,-7.901027202606201,0.05961688235402107
646,39.883548736572266,229.93917846679688,8.708730697631836,5.817681312561035,2.3632688522338867,0.9955983757972717
647,121.64759063720703,69.03076171875,4.726827621459961,5.903666973114014,2.3611900806427,-0.9454889297485352
648,25.576688766479492,83.72412872314453,4.756765365600586,5.646457672119141,-0.7756508588790894,-2.9198620319366455
649,76.09242248535156,40.54591751098633,4.972100257873535,3.135378360748291,-13.899802207946777,0.11004046350717545
650,134.662353515625,172.0226593017578,3.142829656600952,8.338257789611816,11.364433288574219,1.0645766258239746
651,69.64420318603516,142.42715454101562,5.436448097229004,7.2085041999816895,0.20142069458961487,0.45156893134117126
652,28.4331111907959,157.2682647705078,2.199782371520996,4.073660850524902,5.959457874298096,2.679827928543091
653,171.3510284423828,87.22550201416016,6.362152576446533,3.2992522716522217,0.16958153247833252,-8.640101432800293
654,10.369634628295898,230.4085693359375,3.574463367462158,4.308952808380127,3.1084368228912354,-1.8225244283676147
655,55.67020797729492,109.05326843261719,7.085002422332764,2.0876450538635254,-1.645461916923523,-1.2960586547851562
656,16.54827880859375,110.4680404663086,3.4439992904663086,2.6210834980010986,-6.9581193923950195,-1.2265862226486206
657,129.85986328125,142.30763244628906,2.643577814102173,7.061187267303467,-16.03661346435547,0.5806853175163269
658,76.2818603515625,231.47792053222656,1.0900506973266602,5.68955659866333,-5.049717426300049,-2.1599040031433105
659,107.34910583496094,16.276195526123047,7.358405113220215,5.167009353637695,-4.935000896453857,1.0299359560012817
660,168.7921905517578,132.35682678222656,3.207287073135376,5.065026760101318,1.1913201808929443,8.552766799926758
661,142.8423614501953,68.83637237548828,6.695425987243652,8.015984535217285,-8.507744789123535,-2.5128016471862793
662,61.35651779174805,124.37334442138672,2.0650928020477295,7.080999851226807,1.9559420347213745,0.5013289451599121
663,98.66873931884766,92.34129333496094,3.745068073272705,4.517971515655518,5.511234283447266,0.5744689106941223
664,170.96600341796875,213.79782104492188,6.173198699951172,5.371799468994141,-5.423693656921387,0.7344222068786621
665,37.326271057128906,88.63865661621094,2.11215877532959,10.077576637268066,-8.829814910888672,-0.9268692135810852
666,46.24353790283203,161.35484313964844,2.498150587081909,3.1736061573028564,-4.288704872131348,0.32301774621009827
667,126.1146240234375,34.348758697509766,3.1870265007019043,4.082746982574463,-6.921553134918213,-0.8483616709709167
668,96.63420867919922,24.355697631835938,2.4028544425964355,3.9342095851898193,-7.163837909698486,-2.727949380874634
669,11.128579139709473,99.60789489746094,6.689359664916992,3.570744037628174,-1.30811607837677,-2.434436798095703
670,144.03634643554688,243.75233459472656,4.120055675506592,1.1340651512145996,-2.2534022331237793,-6.709846019744873
671,138.5724334716797,183.10081481933594,7.620917320251465,3.7466013431549072,9.133249282836914,1.9298332929611206
672,129.6136474609375,72.414794921875,3.6744797229766846,4.781313419342041,8.12703800201416,1.9035547971725464
673,180.7865447998047,60.184112548828125,9.391921997070312,0.9447659850120544,-1.2548871040344238,-4.218215465545654
674,116.28424835205078,15.897974967956543,1.9123371839523315,5.862646102905273,10.522631645202637,-0.2207535207271576
675,86.56289672851562,130.8881378173828,4.931280136108398,2.353329658508301,-5.662222862243652,0.2862767279148102
676,133.1829071044922,61.77244567871094,3.5426623821258545,2.9487876892089844,2.1626152992248535,-2.309572696685791
677,161.82293701171875,179.30064392089844,2.8927395343780518,1.1721643209457397,-2.363471508026123,-0.8086316585540771
678,32.38888168334961,147.14256286621094,2.603231191635132,4.7733869552612305,-9.610088348388672,0.3735716938972473
679,123.88739776611328,189.73251342773438,2.087169885635376,6.443664073944092,-10.232796669006348,0.4949529767036438
680,24.690629959106445,86.4315414428711,4.837002277374268,5.125574111938477,-1.0526503324508667,-2.90801739692688
681,25.51230812072754,113.2173843383789,2.263540029525757,4.28814697265625,-5.902679443359375,-4.521587371826172
682,30.44010353088379,170.7364044189453,10.010769844055176,3.0911478996276855,-1.9938701391220093,2.2375941276550293
683,86.38349151611328,91.53651428222656,5.737909317016602,4.164544105529785,-0.35814329981803894,0.5395009517669678
684,54.1963005065918,56.09043884277344,2.765921115875244,1.3453987836837769,-2.5774481296539307,-4.751715660095215
685,84.54338073730469,116.13214111328125,4.65619421005249,7.082982540130615,6.438887596130371,1.4367265701293945
686,76.52803039550781,138.8408203125,10.960689544677734,3.196180820465088,-2.219388723373413,1.794329047203064
687,117.19039154052734,227.0486602783203,4.268357276916504,4.440193176269531,-1.748983383178711,0.4511064291000366
688,17.821958541870117,224.54217529296875,3.311124801635742,1.3691273927688599,3.576185703277588,-0.48450836539268494
689,82.92727661132812,242.6525115966797,5.196732997894287,6.53709602355957,-1.9541373252868652,1.1492775678634644
690,11.794248580932617,107.13977813720703,3.7814395427703857,0.611484169960022,1.0915924310684204,-2.648526430130005
691,21.932090759277344,175.9730682373047,6.100987434387207,5.278173923492432,-4.858596324920654,3.8005759716033936
692,44.40053939819336,176.971923828125,4.200399398803711,2.355668067932129,-8.628042221069336,0.3485149145126343
693,99.1407699584961,81.36576080322266,4.7802910804748535,5.5021653175354,3.9326558113098145,1.3571585416793823
694,44.68202209472656,185.74769592285156,8.445221900939941,4.171283721923828,1.9298335313796997,1.3188532590866089
695,59.269187927246094,134.93548583984375,8.30314826965332,3.5708930492401123,23.216426849365234,0.3292391002178192
696,126.71405029296875,140.39764404296875,1.2168527841567993,2.9323019981384277,-2.4247658252716064,0.05672786384820938
697,126.08080291748047,168.63575744628906,1.6267961263656616,4.4928436279296875,3.1746811866760254,0.43224018812179565
698,166.6847381591797,152.2609405517578,11.06537914276123,2.896735668182373,-5.023658752441406,-0.29966896772384644
699,103.5491714477539,67.74251556396484,5.481411933898926,4.177527904510498,-1.148564338684082,0.853097140789032
700,149.7403564453125,234.0384979248047,2.904078722000122,3.8050458431243896,9.794508934020996,-5.192473888397217
701,97.90228271484375,103.79981231689453,2.457242012023926,6.538658618927002,-1.0167896747589111,-0.9536603689193726
702,121.14134979248047,53.58834457397461,7.741982936859131,4.555267810821533,1.718880295753479,1.8467042446136475
703,3.381655216217041,187.3839874267578,5.530938625335693,2.6813862323760986,-0.26480162143707275,1.6386237144470215
704,44.32762145996094,148.11622619628906,1.3455969095230103,4.056684970855713,-4.857306480407715,-0.3897780776023865
705,119.61331939697266,237.96913146972656,1.4303297996520996,9.193920135498047,-6.419126033782959,0.3521128296852112
706,110.8714599609375,171.78285217285156,10.802650451660156,5.815127849578857,-2.9058175086975098,-0.6978574395179749
707,150.8974609375,172.32237243652344,1.682191014289856,3.906656265258789,-1.2107247114181519,-0.7795066833496094
708,79.98274993896484,75.2726058959961,3.5814144611358643,4.098620891571045,3.229835271835327,0.9765493869781494
709,37.24431228637695,162.2217559814453,0.49865975975990295,3.3851003646850586,0.6319518089294434,-0.057487502694129944
710,156.3710479736328,193.68630981445312,2.9717090129852295,3.483147382736206,10.179079055786133,0.12204861640930176
711,86.08479309082031,72.15216064453125,2.9931983947753906,5.754213809967041,15.18492317199707,0.2137306183576584
712,164.92965698242188,135.8094940185547,2.482563018798828,1.2100000381469727,-0.5105337500572205,-1.00953209400177
713,134.4036102294922,231.91920471191406,3.92030668258667,0.7993913292884827,1.2486690282821655,0.12789469957351685
714,144.2222900390625,227.96090698242188,2.500176191329956,2.640674352645874,6.588922023773193,-3.667456865310669
715,104.03307342529297,249.0071563720703,5.37832498550415,6.862050533294678,0.4479464292526245,0.9808323383331299
716,26.351871490478516,109.0405044555664,2.1760284900665283,2.929659366607666,-4.492588520050049,1.4267393350601196
717,50.732112884521484,238.44036865234375,6.924922943115234,6.9480390548706055,0.6230946183204651,1.1710891723632812
718,147.3861846923828,23.368894577026367,3.515784740447998,9.360206604003906,5.723227500915527,-3.1433634757995605
719,139.22694396972656,164.4368438720703,1.5433884859085083,7.869746208190918,-8.831547737121582,0.16743047535419464
720,53.099708557128906,30.322845458984375,5.372231960296631,8.092883110046387,-1.7253142595291138,-1.3329100608825684
721,89.95860290527344,222.16668701171875,4.89758825302124,2.0695152282714844,-6.867105484008789,0.15998393297195435
722,125.82191467285156,142.9905242919922,10.837933540344238,3.40671968460083,-7.3614349365234375,0.46119463443756104
723,105.9708023071289,141.92828369140625,10.73802375793457,2.4380946159362793,17.064916610717773,0.43054965138435364
724,0.9150996208190918,100.25694274902344,6.562592506408691,5.332871437072754,-1.4617012739181519,-1.4730150699615479
725,59.10359191894531,101.57221984863281,3.327944278717041,10.799386978149414,-30.364513397216797,0.5150098204612732
726,141.02601623535156,169.7693328857422,1.8435012102127075,3.7353203296661377,5.66619873046875,0.1802888661623001
727,180.75079345703125,208.7327880859375,5.552290916442871,7.7704572677612305,1.5096303224563599,0.9151579141616821
728,145.0465087890625,118.37731170654297,3.9370408058166504,4.490772247314453,15.213386535644531,-1.5692898035049438
729,28.898942947387695,160.73928833007812,2.961458683013916,3.679131269454956,7.453405857086182,-1.9602220058441162
730,155.9099884033203,216.8145751953125,2.5882673263549805,2.6164143085479736,-5.1424970626831055,-6.026080131530762
731,166.87136840820312,223.3407745361328,5.291252136230469,4.011885643005371,7.707930088043213,1.6713714599609375
732,53.71517562866211,2.504380941390991,6.731415748596191,2.637755870819092,0.47033289074897766,-2.127382278442383
733,52.57307815551758,190.56455993652344,2.8512051105499268,4.661274433135986,-13.01923656463623,0.40045619010925293
734,123.49469757080078,243.36785888671875,7.105531692504883,4.389230251312256,-1.6245853900909424,-0.07151604443788528
735,10.071907997131348,219.09510803222656,0.9495955109596252,6.855782508850098,6.1013336181640625,-0.7026302814483643
736,25.80194091796875,210.6591339111328,6.591598987579346,3.729504108428955,-12.76426887512207,0.9649357795715332
737,100.47654724121094,115.09125518798828,3.6551618576049805,5.412816047668457,2.1955337524414062,0.40826675295829773
738,156.92572021484375,187.64662170410156,7.142927169799805,6.420313358306885,0.2613220810890198,0.3203706741333008
739,75.2639389038086,229.45619201660156,6.161438941955566,6.29819917678833,1.6648335456848145,-0.35710445046424866
740,148.26136779785156,139.72474670410156,5.368884563446045,10.204089164733887,-9.875225067138672,1.2558823823928833
741,136.53607177734375,62.506526947021484,8.890569686889648,2.6070148944854736,5.034945964813232,3.0938966274261475
742,119.4459228515625,128.3695068359375,5.079537868499756,6.649320602416992,-0.4602528512477875,1.0799883604049683
743,67.53120422363281,41.413631439208984,3.2305655479431152,3.0673441886901855,-8.748757362365723,0.059095948934555054
744,100.31539916992188,58.19889831542969,3.301504135131836,1.4151034355163574,3.758892297744751,0.06798283755779266
745,71.17774200439453,36.2727165222168,5.841266632080078,3.359722137451172,-8.793607711791992,0.4900355041027069
746,60.437110900878906,17.351604461669922,7.5253167152404785,8.568875312805176,0.1393592804670334,0.0637667253613472
747,30.281002044677734,120.96487426757812,5.576945781707764,3.7752346992492676,-15.712248802185059,-6.649007797241211
748,98.97966003417969,203.50477600097656,5.209567070007324,5.828894138336182,4.148169040679932,1.1642606258392334
749,79.12931823730469,119.1388931274414,0.8834853768348694,2.79960036277771,0.81803297996521,0.08257967978715897
750,52.918941497802734,87.08890533447266,4.036360740661621,4.612085342407227,6.773343086242676,1.1663694381713867
751,79.94813537597656,139.86122131347656,4.469679355621338,2.8545384407043457,-10.681434631347656,0.24484588205814362
752,164.3033447265625,221.35137939453125,2.134403944015503,5.311997890472412,2.6018221378326416,-1.9628368616104126
753,146.60345458984375,196.91693115234375,2.6490638256073,9.979990005493164,15.673895835876465,1.0086748600006104
754,92.50707244873047,169.61984252929688,6.560184955596924,5.9771342277526855,3.696993112564087,-1.0974526405334473
755,21.355262756347656,163.47418212890625,3.646552801132202,6.738887786865234,-7.133819103240967,-2.6653730869293213
756,93.85503387451172,27.461322784423828,4.25797700881958,4.955460071563721,-12.155718803405762,3.116144895553589
757,59.72011947631836,213.14280700683594,5.62889289855957,2.399083137512207,12.118461608886719,0.08011312037706375
758,127.43960571289062,119.49053955078125,3.598001718521118,4.743130207061768,1.4246577024459839,0.8504081964492798
759,66.938720703125,225.33375549316406,5.871901035308838,3.911642551422119,9.696150779724121,0.6826220154762268
760,135.92657470703125,184.83895874023438,5.294785022735596,4.699392795562744,-2.3335018157958984,-2.638906478881836
761,61.19244384765625,59.4825325012207,13.329972267150879,4.675625801086426,-9.398070335388184,-2.3589274883270264
762,72.35272979736328,185.8065948486328,3.9463748931884766,8.952630996704102,-27.974472045898438,0.161834254860878
763,160.8186798095703,128.64205932617188,6.84319543838501,4.433315753936768,23.066469192504883,-4.191305637359619
764,32.5781135559082,93.64632415771484,4.670658111572266,4.089877605438232,12.95850658416748,-2.176051616668701
765,88.18589782714844,153.95875549316406,5.663340091705322,5.294703006744385,-5.478625297546387,1.2464786767959595
766,12.961851119995117,164.05029296875,2.437286138534546,3.7407703399658203,0.28032952547073364,-6.230342864990234
767,76.9417495727539,92.21541595458984,3.0914230346679688,7.7026495933532715,-3.4573516845703125,-0.24442514777183533
768,124.39653778076172,141.06446838378906,5.332803726196289,7.342357635498047,-2.622244358062744,1.3723936080932617
769,66.27336120605469,103.28929901123047,7.256574630737305,4.864821434020996,4.875441551208496,-0.6295369267463684
770,32.21572494506836,220.72596740722656,1.3536019325256348,7.315938949584961,-8.741997718811035,-1.2606920003890991
771,115.05533599853516,205.3969268798828,4.705713748931885,4.226882457733154,19.660816192626953,-0.1184227243065834
772,81.22550201416016,53.711570739746094,2.647667407989502,10.251299858093262,-2.273977041244507,1.7283536195755005
773,68.38150024414062,85.99874114990234,3.842123508453369,3.569796085357666,-2.1726720333099365,0.3172324597835541
774,28.89386749267578,203.93299865722656,9.819579124450684,1.5397393703460693,6.189972400665283,1.745784044265747
775,47.620609283447266,13.093719482421875,5.04750919342041,6.163062572479248,-0.28949227929115295,0.09222142398357391
776,56.41477584838867,14.08446979522705,2.317180633544922,4.734162330627441,-5.173344612121582,-0.8907152414321899
777,105.1051254272461,77.44205474853516,5.632690906524658,4.800917148590088,-0.31309774518013,-0.44257470965385437
778,48.94643020629883,117.60635375976562,4.6440043449401855,3.7872464656829834,-13.509010314941406,0.7664309740066528
779,21.050106048583984,224.66659545898438,5.372135639190674,7.316275119781494,1.945952296257019,1.7685749530792236
780,95.21399688720703,56.20087814331055,2.830622673034668,4.415430068969727,-8.960101127624512,0.12184110283851624
781,27.923583984375,167.0260772705078,4.616452217102051,5.425356388092041,2.406022071838379,-0.594886302947998
782,7.935502529144287,151.20872497558594,2.782193183898926,2.267007350921631,-6.124662399291992,-0.5158835649490356
783,107.228759765625,240.09889221191406,5.140924453735352,5.192671298980713,0.3060692250728607,0.674396276473999
784,79.93543243408203,215.17333984375,4.369393825531006,6.853395938873291,1.8603744506835938,1.5587694644927979
785,128.21463012695312,230.8700408935547,3.3322670459747314,3.9695241451263428,10.17646598815918,0.39962512254714966
786,77.49610900878906,243.7550811767578,5.1725029945373535,7.343995094299316,-0.8365310430526733,0.3402789533138275
787,78.85173797607422,145.53857421875,4.2727556228637695,2.7358100414276123,-3.3690366744995117,1.2382326126098633
788,72.68416595458984,163.62887573242188,6.083472728729248,3.396210193634033,-2.7263243198394775,0.745460569858551
789,176.94105529785156,100.88288116455078,5.368447303771973,10.31174087524414,-2.1974048614501953,-5.969799518585205
790,71.82573699951172,153.98297119140625,5.33927583694458,5.265215873718262,-0.48359692096710205,0.8443809747695923
791,81.08248901367188,6.897552013397217,7.8392534255981445,3.5300495624542236,-4.061492443084717,-2.7988548278808594
792,14.139480590820312,208.0896759033203,7.689220905303955,1.0097801685333252,4.131918430328369,0.1496097296476364
793,174.00572204589844,119.1698989868164,1.592336893081665,6.0474443435668945,9.540204048156738,-1.7758362293243408
794,185.705810546875,85.4439468383789,4.854870796203613,4.300393581390381,-0.7501996755599976,-0.5001078248023987
795,33.732421875,213.467529296875,1.6167826652526855,4.920504093170166,-7.4658732414245605,0.05230044946074486
796,110.6783218383789,110.12535858154297,6.503191947937012,2.8121449947357178,0.9448633790016174,1.0150434970855713
797,73.74980163574219,21.914825439453125,2.6081695556640625,3.2822322845458984,7.816022872924805,-0.9295875430107117
798,64.32115936279297,77.46636962890625,2.2935307025909424,9.899213790893555,0.8444733619689941,0.664743185043335
799,42.927391052246094,126.65064239501953,5.050154685974121,2.985595941543579,-14.824715614318848,0.01632688008248806
800,131.34461975097656,91.81078338623047,3.0382444858551025,6.597530841827393,10.122721672058105,0.670733630657196
801,125.13066101074219,206.77474975585938,1.3385685682296753,4.421551704406738,-5.800013065338135,0.033945828676223755
802,79.98228454589844,144.27513122558594,6.251921653747559,4.277401924133301,4.200841426849365,-1.6719884872436523
803,159.63552856445312,186.45860290527344,9.973006248474121,2.9898927211761475,-1.9396123886108398,0.6660025119781494
804,89.12052154541016,5.463310718536377,8.854636192321777,4.699666500091553,6.596055507659912,-1.9268487691879272
805,46.7676887512207,42.44519805908203,5.351054668426514,8.727781295776367,1.0306364297866821,-0.8036048412322998
806,24.304370880126953,204.19692993164062,2.743122100830078,2.801464319229126,-7.6703619956970215,-0.28494447469711304
807,163.9254913330078,206.37635803222656,2.8330039978027344,7.084915637969971,15.906573295593262,0.3568035662174225
808,105.86592864990234,44.43056106567383,5.014986515045166,4.081653118133545,10.374979019165039,3.3340115547180176
809,142.96075439453125,208.62106323242188,4.563749313354492,5.985326290130615,9.367541313171387,1.294729232788086
810,42.39952850341797,239.66390991210938,6.351744651794434,6.453374862670898,-4.662578105926514,1.0310505628585815
811,141.38169860839844,34.78464126586914,5.0671515464782715,2.6482596397399902,-4.885742664337158,2.394113779067993
812,183.0377197265625,203.8988037109375,6.001555919647217,7.847278594970703,0.31114211678504944,0.27016782760620117
813,162.1805877685547,102.28889465332031,4.161940097808838,4.494263172149658,-0.06022045388817787,1.040221929550171
814,49.005889892578125,118.79159545898438,5.518667221069336,6.977031707763672,2.669790267944336,-1.8537160158157349
815,17.383153915405273,163.59156799316406,6.493419647216797,3.5512380599975586,2.8793108463287354,1.1582019329071045
816,94.92222595214844,203.9129180908203,1.138683557510376,8.53903579711914,6.029980659484863,1.5714861154556274
817,55.093196868896484,231.14366149902344,5.746102809906006,6.591970920562744,-3.284186601638794,0.6825261116027832
818,146.10586547851562,58.06330871582031,2.3810839653015137,3.5133230686187744,-2.5169336795806885,-1.001594066619873
819,149.3837432861328,180.6930389404297,3.5145108699798584,2.6592559814453125,6.198307991027832,0.4805784523487091
820,181.9367218017578,191.68963623046875,3.770310878753662,3.0660290718078613,10.840377807617188,-0.8930209279060364
821,151.3245086669922,197.90090942382812,2.70599365234375,1.4536429643630981,0.8219265341758728,0.3210492432117462
822,100.58676147460938,164.17425537109375,5.33372688293457,3.3758058547973633,7.2753472328186035,0.8479116559028625
823,185.8903045654297,85.9798583984375,4.073492050170898,4.3307952880859375,-0.7971069812774658,-0.0990629568696022
824,67.44708251953125,116.3906021118164,4.889835357666016,5.582980155944824,-0.14511738717556,0.5448421239852905
825,86.77080535888672,56.285404205322266,2.600432872772217,8.078451156616211,15.575302124023438,-0.5965238213539124
826,52.837825775146484,97.2677001953125,2.545555830001831,8.147883415222168,-10.124119758605957,-4.421172618865967
827,173.96510314941406,160.3362579345703,5.8923563957214355,1.2837939262390137,-3.8138625621795654,-2.071920394897461
828,113.56317901611328,12.916500091552734,2.0825862884521484,4.112212657928467,8.133855819702148,-0.10263285040855408
829,5.0347819328308105,109.62271881103516,5.412378311157227,1.9942066669464111,-0.037402231246232986,-1.7607911825180054
830,62.60049819946289,159.88331604003906,5.769432067871094,4.157011985778809,4.177400588989258,-1.183066964149475
831,74.11307525634766,33.07472229003906,2.20660138130188,2.2836294174194336,4.704222679138184,-0.7335721850395203
832,155.72569274902344,180.25157165527344,4.505585670471191,1.8790414333343506,-1.475795865058899,-0.49223098158836365
833,164.73094177246094,180.2700958251953,4.942718029022217,1.249635100364685,2.9974470138549805,-1.467658519744873
834,26.110950469970703,183.6688995361328,5.131620407104492,5.5448408126831055,0.4338666498661041,-1.690185546875
835,170.00347900390625,124.11425018310547,1.9709702730178833,3.3257503509521484,1.9771175384521484,-2.614260196685791
836,135.98789978027344,67.4840316772461,5.251023769378662,1.4272958040237427,-1.7186719179153442,-0.5855353474617004
837,97.85639953613281,100.16258239746094,3.372148036956787,3.0023159980773926,-6.177009105682373,0.78986656665802
838,40.184574127197266,96.85865020751953,5.131133079528809,1.5642977952957153,-1.5539636611938477,-3.3391964435577393
839,107.86131286621094,74.51245880126953,0.6792133450508118,0.6468796133995056,0.3863089382648468,-0.16195425391197205
840,103.75001525878906,75.7787857055664,2.1488656997680664,0.9370496273040771,-0.633672297000885,0.11509595066308975
841,100.65312194824219,75.45118713378906,0.27004939317703247,1.5337324142456055,0.29301196336746216,0.014886452816426754
842,96.88826751708984,73.4406967163086,1.072726845741272,1.0760533809661865,-0.32466623187065125,0.010456761345267296
843,110.87814331054688,71.16801452636719,1.0643075704574585,1.0660181045532227,-0.11871128529310226,-0.003958064131438732
844,95.74079132080078,96.51850891113281,1.310505747795105,0.3700259029865265,-0.11641259491443634,0.026191305369138718
845,97.98383331298828,98.03550720214844,1.056381106376648,1.0828590393066406,0.2861444354057312,0.013889641501009464
846,101.08341979980469,97.10974884033203,1.0669351816177368,1.0686962604522705,-0.0602773018181324,0.005424614064395428
847,80.53158569335938,82.21116638183594,1.1838111877441406,1.2188823223114014,0.09723895788192749,0.05936652794480324
848,78.36151885986328,80.05256652832031,1.484918475151062,0.4476931393146515,-0.4396224021911621,-0.27345511317253113
849,71.40963745117188,80.54059600830078,0.21057665348052979,2.8484346866607666,0.11633143573999405,0.041732922196388245
850,91.5656509399414,79.73626708984375,0.23461155593395233,2.2622246742248535,-0.25045493245124817,0.16405169665813446
851,92.03301239013672,77.42613983154297,0.6087760925292969,2.6768593788146973,1.134853482246399,-0.07376223057508469
852,10.372182846069336,205.59210205078125,1.9010447263717651,0.9251654148101807,1.382806658744812,0.025547148659825325
853,13.446535110473633,198.2776641845703,1.738406777381897,1.0892959833145142,-1.7037699222564697,0.08879285305738449
854,13.27951717376709,198.2954864501953,2.3804702758789062,1.470351219177246,-3.307654857635498,-0.1474008858203888
855,81.4595718383789,220.42141723632812,0.6151039004325867,1.2644916772842407,0.7548658847808838,-0.007988164201378822
856,154.96841430664062,44.54014205932617,0.8674672245979309,0.7831240892410278,-0.6706675291061401,0.2587825059890747
